date,city,house_price,attached_price,earnings_state,cpi,house_price_real,attached_price_real,earnings_state_real,annual_earnings_real,annual_earnings_nominal,pti_house_real,pti_attached_real,pti_house_nominal,pti_attached_nominal
2010-06-01,sydney,612500.0,480000.0,1321.0,66.37,926360.0,725970.0,1997.92,103891.84,68692.0,8.916580936481633,6.987748027179036,8.916613288301404,6.987713270832121
2010-09-01,sydney,598000.0,477000.0,1329.0,66.9,897270.0,715710.0,1994.1,103693.2,69108.0,8.653122866301745,6.902188378794366,8.653122648607976,6.902239972217399
2010-12-01,sydney,620000.0,487600.0,1337.0,67.13,927090.0,729110.0,1999.23,103959.96,69524.0,8.917760260777321,7.013373225614938,8.917783786893734,7.013405442724815
2011-03-01,sydney,575000.0,479000.0,1356.0,68.22,846060.0,704810.0,1995.24,103752.48,70512.0,8.154600256302308,6.7931870158669945,8.154640344905832,6.793169956886771
2011-06-01,sydney,592000.0,485000.0,1374.0,68.86,862980.0,707000.0,2002.94,104152.88,71448.0,8.285704629579135,6.788098418401872,8.285746277012652,6.788153622214757
2011-09-01,sydney,567000.0,480000.0,1374.0,69.35,820700.0,694770.0,1988.78,103416.56,71448.0,7.93586636414903,6.7181697012548085,7.9358414511252935,6.718172657037286
2011-12-01,sydney,533000.0,460000.0,1373.0,69.3,772040.0,666300.0,1988.77,103416.04,71396.0,7.465379645169164,6.442907695943492,7.465404224326293,6.442937979718752
2012-03-01,sydney,607500.0,500000.0,1390.0,69.36,879190.0,723620.0,2011.65,104605.8,72280.0,8.404792086098476,6.917589655640509,8.40481460985058,6.917542888765911
2012-06-01,sydney,600000.0,510000.0,1406.0,69.77,863240.0,733750.0,2022.85,105188.2,73112.0,8.206623936905471,6.975592319290567,8.206587153955574,6.975599080862239
2012-09-01,sydney,585000.0,487000.0,1425.0,70.97,827420.0,688810.0,2015.52,104807.04,74100.0,7.894698676730113,6.572173014331862,7.894736842105263,6.572199730094467
2012-12-01,sydney,640000.0,525000.0,1444.0,71.04,904320.0,741830.0,2040.38,106099.76000000001,75088.0,8.523299204446833,6.991816004107831,8.523332623055614,6.991796292350309
2013-03-01,sydney,615000.0,520000.0,1447.0,71.3,865830.0,732080.0,2037.16,105932.32,75244.0,8.173426202692436,6.910827592560985,8.17340917548243,6.91085003455425
2013-06-01,sydney,650000.0,530000.0,1451.0,71.63,910890.0,742730.0,2033.39,105736.28,75452.0,8.61473469654881,7.024362877150587,8.61474844934528,7.024333351004612
2013-09-01,sydney,670000.0,550000.0,1460.0,72.46,928160.0,761920.0,2022.56,105173.12,75920.0,8.825068610686838,7.244436601291281,8.825079030558483,7.244467860906217
2013-12-01,sydney,745000.0,565000.0,1469.0,72.89,1025970.0,778090.0,2023.02,105197.04,76388.0,9.752840954460316,7.396500890139115,9.752840760328848,7.396449704142012
2014-03-01,sydney,680000.0,591500.0,1489.0,73.35,930580.0,809470.0,2037.71,105960.92,77428.0,8.78229445346454,7.639325894867655,8.782352637288836,7.639355271994627
2014-06-01,sydney,728000.0,610000.0,1508.0,73.63,992480.0,831610.0,2055.86,106904.72,78416.0,9.283780921927487,7.778983004679307,9.283819628647215,7.779024688839012
2014-09-01,sydney,730000.0,620000.0,1528.0,74.05,989570.0,840450.0,2071.31,107708.12,79456.0,9.187515295968401,7.803032863260449,9.187474828836086,7.803060813532018
2014-12-01,sydney,816000.0,650000.0,1547.0,74.18,1104210.0,879580.0,2093.39,108856.28,80444.0,10.14374182178557,8.080195281337925,10.14370245139476,8.080155138978668
2015-03-01,sydney,792500.0,657000.0,1558.0,74.55,1067080.0,884640.0,2097.81,109086.12,81016.0,9.781996096295295,8.109556009508818,9.782018366742372,8.109509232744148
2015-06-01,sydney,860000.0,705000.0,1568.0,75.24,1147350.0,940560.0,2091.92,108779.84,81536.0,10.547450704101054,8.646455078441006,10.547488226059654,8.646487441130299
2015-09-01,sydney,888200.0,710000.0,1577.0,75.44,1181830.0,944720.0,2098.35,109114.2,82004.0,10.831129220578074,8.658084832221654,10.831178966879664,8.658114238329837
2015-12-01,sydney,915000.0,723000.0,1586.0,75.63,1214430.0,959600.0,2105.02,109461.04,82472.0,11.09463239157969,8.766589464160035,11.094674556213018,8.76661169851586
2016-03-01,sydney,850000.0,706500.0,1590.0,75.47,1130560.0,939690.0,2114.8,109969.6,82680.0,10.28065938222927,8.544997890326053,10.280599903241413,8.54499274310595
2016-06-01,sydney,895000.0,720000.0,1595.0,75.88,1183980.0,952470.0,2109.99,109719.47999999998,82940.0,10.790973489848842,8.68095619847998,10.790933204726308,8.680974198215578
2016-09-01,sydney,900000.0,710000.0,1590.0,76.65,1178630.0,929810.0,2082.25,108277.0,82680.0,10.885321905852582,8.587326948474745,10.88534107402032,8.587324625060473
2016-12-01,sydney,985500.0,735000.0,1585.0,77.05,1283900.0,957550.0,2064.92,107375.84,82420.0,11.957065947051031,8.917741644675376,11.957049259888377,8.917738413006552
2017-03-01,sydney,930000.0,730000.0,1589.0,77.33,1207210.0,947590.0,2062.64,107257.28,82628.0,11.25527330172833,8.834738304010694,11.255264559229317,8.834777557244518
2017-06-01,sydney,1050000.0,770000.0,1593.0,77.54,1359290.0,996810.0,2062.23,107235.96,82836.0,12.67569199734865,9.295482597442126,12.675648268868608,9.295475397170312
2017-09-01,sydney,950000.0,720000.0,1611.0,78.15,1220230.0,924810.0,2069.25,107601.0,83772.0,11.340322115965465,8.5948085984331,11.340304636394022,8.594757198109154
2017-12-01,sydney,1029000.0,741000.0,1628.0,78.68,1312800.0,945370.0,2077.0,108004.0,84656.0,12.15510536646791,8.753101736972704,12.155074655074655,8.753071253071253
2018-03-01,sydney,955000.0,742000.0,1638.0,78.89,1215150.0,944120.0,2084.2,108378.4,85176.0,11.212104995091273,8.711329932901759,11.212078519770827,8.71137409598948
2018-06-01,sydney,973100.0,730000.0,1648.0,79.19,1233490.0,925340.0,2088.98,108626.96,85696.0,11.355284176230283,8.518511426629264,11.355255787901418,8.518483943241225
2018-09-01,sydney,950000.0,730000.0,1656.0,79.64,1197400.0,920110.0,2087.26,108537.52000000002,86112.0,11.032129718829026,8.477344977110219,11.032144184318097,8.477331846897064
2018-12-01,sydney,940000.0,725000.0,1665.0,80.04,1178880.0,909240.0,2088.11,108581.72,86580.0,10.857076126626103,8.373785200676505,10.857010857010858,8.373758373758374
2019-03-01,sydney,870000.0,695000.0,1686.0,79.97,1092040.0,872380.0,2116.3,110047.6,87672.0,9.923342262802642,7.927296915153079,9.923350670681632,7.9272743863491195
2019-06-01,sydney,897000.0,700000.0,1708.0,80.48,1118800.0,873090.0,2130.33,110777.16,88816.0,10.099554817978724,7.881498316078874,10.09953161592506,7.881462799495586
2019-09-01,sydney,900000.0,710000.0,1716.0,80.91,1116570.0,880850.0,2128.93,110704.35999999999,89232.0,10.086052617981805,7.956777854097166,10.08606777837547,7.956786802940649
2019-12-01,sydney,985000.0,736000.0,1725.0,81.34,1215570.0,908280.0,2128.79,110697.08,89700.0,10.981048461260224,8.20509447945691,10.981047937569677,8.205128205128204
2020-03-01,sydney,947500.0,730000.0,1759.0,81.54,1166420.0,898670.0,2165.42,112601.84,91468.0,10.35880053114585,7.980953064354899,10.358814011457559,7.980933222547776
2020-06-01,sydney,955000.0,730000.0,1793.0,79.63,1203850.0,920220.0,2260.22,117531.43999999999,93236.0,10.242791205485103,7.829564582889481,10.242824660002574,7.829593719164271
2020-09-01,sydney,945000.0,730000.0,1793.0,81.1,1169660.0,903540.0,2219.25,115401.0,93236.0,10.135614076134523,7.829568201315413,10.135569951520871,7.829593719164271
2020-12-01,sydney,999000.0,743000.0,1793.0,81.97,1223370.0,909870.0,2195.7,114176.4,93236.0,10.71473614512281,7.968984833993716,10.714745377322064,7.969024840190484
2021-03-01,sydney,1052000.0,750000.0,1799.0,82.33,1282640.0,914430.0,2193.41,114057.31999999999,93548.0,11.245573716794329,8.017284642493792,11.245563774746653,8.017274554239535
2021-06-01,sydney,1206400.0,785000.0,1804.0,82.89,1460950.0,950640.0,2184.65,113601.8,93808.0,12.860271580203834,8.368177264796861,12.86031042128603,8.368156234009893
2021-09-01,sydney,1300000.0,800000.0,1802.0,83.48,1563180.0,961950.0,2166.8,112673.6,93704.0,13.873524942843753,8.537492367333607,13.873473917869035,8.53752241099633
2021-12-01,sydney,1360000.0,806000.0,1800.0,84.45,1616540.0,958040.0,2139.54,111256.08,93600.0,14.529902545550769,8.611124893129436,14.52991452991453,8.61111111111111
2022-03-01,sydney,1325000.0,780000.0,1813.0,85.88,1548710.0,911700.0,2119.11,110193.72,94276.0,14.054430688064619,8.273611236647605,14.054478340192626,8.27357970215113
2022-06-01,sydney,1350000.0,775000.0,1827.0,87.3,1552270.0,891120.0,2100.74,109238.47999999998,95004.0,14.209919434982986,8.157564989919305,14.209928003031452,8.157551260999536
2022-09-01,sydney,1300000.0,750000.0,1836.0,89.33,1460810.0,842770.0,2063.11,107281.72,95472.0,13.616578854254014,7.855671963499467,13.616557734204793,7.8557063851181494
2022-12-01,sydney,1300000.0,765000.0,1845.0,90.92,1435260.0,844600.0,2036.97,105922.44,95940.0,13.550103264237492,7.973758912653447,13.550135501355014,7.973733583489681
2023-03-01,sydney,1250100.0,765000.0,1856.0,92.19,1361160.0,832960.0,2020.88,105085.76000000001,96512.0,12.952849177662129,7.926478335409097,12.952793435013263,7.926475464190982
2023-06-01,sydney,1355000.0,800000.0,1867.0,93.03,1462050.0,863210.0,2014.51,104754.52,97084.0,13.956915653854363,8.2403126853142,13.956985703102468,8.240286761979316
2023-09-01,sydney,1370000.0,795000.0,1897.0,94.33,1457870.0,845990.0,2018.67,104970.84,98644.0,13.88833317900476,8.059285797846336,13.888325696443777,8.059283889542192
2023-12-01,sydney,1420000.0,800000.0,1927.0,94.72,1504850.0,847800.0,2042.15,106191.8,100204.0,14.171056522255014,7.983667288811377,14.171090974412198,7.983713225020957
2024-03-01,sydney,1401000.0,790000.0,1952.0,95.6,1471050.0,829500.0,2049.6,106579.2,101504.0,13.802411727616645,7.782944514501891,13.802411727616645,7.782944514501891
2024-06-01,sydney,1455000.0,800000.0,1976.0,96.63,1511470.0,831050.0,2052.68,106739.35999999999,102752.0,14.160380950382317,7.78578773565815,14.160308315166615,7.785736530675802
2024-09-01,sydney,1410000.0,815000.0,2002.0,97.1,1457630.0,842530.0,2069.63,107620.76000000001,104104.0,13.544134049973257,7.828694017771292,13.544148159532774,7.828709751786675
2024-12-01,sydney,1450000.0,820000.0,2027.0,97.03,1500060.0,848310.0,2096.98,109042.96,105404.0,13.756596482707366,7.779594391054681,13.756593677659293,7.779590907365944
2025-03-01,sydney,1450000.0,820000.0,2062.0,97.82,1487950.0,841460.0,2115.96,110029.92,107224.0,13.523139887768709,7.647556228342254,13.523091845109304,7.647541595165261
2025-06-01,sydney,1520000.0,835000.0,2096.0,98.47,1549480.0,851200.0,2136.66,111106.31999999999,108992.0,13.945921348128532,7.661130347940603,13.945977686435702,7.661112742219612
2025-09-01,sydney,1511000.0,840000.0,2114.0,99.91,1518110.0,843950.0,2123.94,110444.88,109928.0,13.745408569414897,7.641368255368651,13.745360599665235,7.641365257259297
2025-12-01,sydney,1515000.0,850000.0,2131.0,100.38,1515000.0,850000.0,2131.0,110812.0,110812.0,13.67180449770783,7.670649388152907,13.67180449770783,7.670649388152907
2010-06-01,melbourne,500000.0,450000.0,1275.0,66.79,751310.0,676180.0,1915.84,99623.68,66300.0,7.541480097904435,6.787342125888142,7.541478129713424,6.787330316742081
2010-09-01,melbourne,488300.0,445000.0,1282.0,67.16,729690.0,664980.0,1915.75,99619.0,66664.0,7.324807516638392,6.6752326363444725,7.324792991719669,6.675267010680427
2010-12-01,melbourne,520000.0,460000.0,1288.0,67.55,772570.0,683430.0,1913.6,99507.2,66976.0,7.763960798816568,6.8681462245948035,7.763975155279503,6.868131868131868
2011-03-01,melbourne,485000.0,445000.0,1298.0,68.72,708300.0,649890.0,1895.62,98572.23999999999,67496.0,7.185593022944391,6.593032683441099,7.185610999170321,6.592983287898542
2011-06-01,melbourne,502500.0,450000.0,1307.0,69.19,728880.0,652720.0,1895.8,98581.59999999999,67964.0,7.393671841398396,6.621113879263474,7.393620151845094,6.621152374786652
2011-09-01,melbourne,487000.0,437500.0,1325.0,69.62,702030.0,630670.0,1910.04,99322.08,68900.0,7.068216855708217,6.349746199435211,7.068214804063861,6.34978229317852
2011-12-01,melbourne,495000.0,432500.0,1343.0,69.67,713050.0,623020.0,1934.6,100599.2,69836.0,7.088028533030084,6.193090998735577,7.088034824445844,6.193080932470359
2012-03-01,melbourne,478000.0,430000.0,1346.0,69.68,688460.0,619330.0,1938.64,100809.28,69992.0,6.829331585346111,6.143581225855398,6.829351925934392,6.1435592639158765
2012-06-01,melbourne,485000.0,430000.0,1350.0,70.01,695250.0,616410.0,1935.24,100632.48,70200.0,6.908803201511083,6.125358333611573,6.908831908831909,6.1253561253561255
2012-09-01,melbourne,480000.0,425000.0,1362.0,70.83,680120.0,602190.0,1929.84,100351.68,70824.0,6.777365361496689,6.000796399223212,6.777363605557438,6.000790692420648
2012-12-01,melbourne,508000.0,440000.0,1374.0,71.14,716660.0,620730.0,1938.36,100794.72,71448.0,7.110094655751809,6.158358294958307,7.110066062031128,6.158324935617512
2013-03-01,melbourne,486000.0,435000.0,1376.0,71.43,682840.0,611180.0,1933.3,100531.59999999999,71552.0,6.79229217479877,6.07948147647108,6.792262969588551,6.079494633273703
2013-06-01,melbourne,500000.0,442000.0,1379.0,71.54,701430.0,620060.0,1934.53,100595.56,71708.0,6.972772953398739,6.1638903347225265,6.972722708763318,6.163886874546773
2013-09-01,melbourne,520000.0,445000.0,1406.0,72.51,719720.0,615920.0,1946.02,101193.04,73112.0,7.112346857056573,6.086584610957434,7.112375533428165,6.086552139183718
2013-12-01,melbourne,561000.0,467000.0,1434.0,73.08,770420.0,641330.0,1969.3,102403.59999999999,74568.0,7.523368319082533,6.262768105808781,7.523334406179594,6.262740049350928
2014-03-01,melbourne,504000.0,475500.0,1430.0,73.45,688650.0,649710.0,1953.91,101603.32,74360.0,6.777829700840484,6.39457450799836,6.777837547068316,6.394566971490049
2014-06-01,melbourne,528900.0,479000.0,1427.0,73.89,718370.0,650590.0,1938.2,100786.40000000001,74204.0,7.127648174753736,6.455136804171991,7.127648105223438,6.455177618457226
2014-09-01,melbourne,505000.0,478500.0,1437.0,73.98,685070.0,649120.0,1949.41,101369.32,74724.0,6.758159174787795,6.403515383155376,6.75820352229538,6.403565119640276
2014-12-01,melbourne,552500.0,490000.0,1447.0,74.14,747890.0,663290.0,1958.74,101854.48,75244.0,7.342730530851466,6.51213378144977,7.342778161713891,6.512147147945351
2015-03-01,melbourne,525000.0,480800.0,1448.0,74.21,710000.0,650220.0,1958.24,101828.48,75296.0,6.972509066225873,6.385443443720264,6.972481937951551,6.385465363365916
2015-06-01,melbourne,561000.0,515000.0,1450.0,74.72,753510.0,691720.0,1947.56,101273.12,75400.0,7.440375096570541,6.830242812702917,7.440318302387268,6.8302387267904505
2015-09-01,melbourne,580000.0,500000.0,1465.0,75.06,775500.0,668530.0,1958.8,101857.59999999999,76180.0,7.613570317776976,6.563378677683355,7.61354686269362,6.563402467839328
2015-12-01,melbourne,612300.0,505000.0,1479.0,75.5,813910.0,671280.0,1965.99,102231.48,76908.0,7.961442013751538,6.5662748891046085,7.9614604462474645,6.566286992250481
2016-03-01,melbourne,568000.0,490000.0,1492.0,75.44,755630.0,651860.0,1984.85,103212.2,77584.0,7.3211306415326876,6.31572624166523,7.321097133429573,6.3157352031346665
2016-06-01,melbourne,610000.0,505000.0,1504.0,75.77,807970.0,668890.0,1992.1,103589.2,78208.0,7.7997513254277475,6.457140319647222,7.799713584288052,6.457139934533552
2016-09-01,melbourne,605000.0,496000.0,1525.0,76.13,797550.0,653860.0,2010.36,104538.72,79300.0,7.629230585566764,6.254715955963493,7.629255989911727,6.254728877679697
2016-12-01,melbourne,675000.0,501900.0,1546.0,76.66,883680.0,657070.0,2023.96,105245.92,80392.0,8.39633498381695,6.243187384366064,8.396357846551895,6.243158523236143
2017-03-01,melbourne,657500.0,520000.0,1549.0,77.32,853420.0,674950.0,2010.57,104549.64,80548.0,8.162821029321574,6.455785022310933,8.162834583105726,6.455777921239509
2017-06-01,melbourne,720000.0,568900.0,1553.0,77.45,932980.0,737180.0,2012.38,104643.76000000001,80756.0,8.915772904184635,7.044662768233863,8.915746198424884,7.0446777948387735
2017-09-01,melbourne,692000.0,540000.0,1560.0,77.79,892780.0,696680.0,2012.62,104656.23999999999,81120.0,8.530595022332161,6.6568414840816,8.530571992110454,6.65680473372781
2017-12-01,melbourne,750000.0,568000.0,1566.0,78.33,960930.0,727750.0,2006.43,104334.36,81432.0,9.21010106354225,6.975170979148192,9.210138520483348,6.975144906179389
2018-03-01,melbourne,731000.0,565000.0,1576.0,79.05,928060.0,717310.0,2000.85,104044.2,81952.0,8.919862904419467,6.894281468837283,8.919855525185474,6.894279578289731
2018-06-01,melbourne,750000.0,600000.0,1586.0,79.34,948700.0,758960.0,2006.19,104321.88,82472.0,9.093969548861658,7.275175639089326,9.093995537879522,7.275196430303618
2018-09-01,melbourne,720000.0,568000.0,1597.0,79.53,908580.0,716770.0,2015.28,104794.56,83044.0,8.67010653988146,6.839763438102131,8.670102596214056,6.839747603679977
2018-12-01,melbourne,735000.0,565000.0,1608.0,79.95,922630.0,709240.0,2018.5,104962.0,83616.0,8.790133572149921,6.757112097711553,8.790183696900115,6.757079984691925
2019-03-01,melbourne,685000.0,555000.0,1628.0,80.02,859120.0,696070.0,2041.82,106174.64,84656.0,8.091574409859078,6.5558969637193965,8.091570591570592,6.555944055944056
2019-06-01,melbourne,700000.0,560000.0,1648.0,80.38,874000.0,699200.0,2057.64,106997.28,85696.0,8.168431945185896,6.534745556148717,8.168409260642271,6.534727408513816
2019-09-01,melbourne,705000.0,570000.0,1669.0,80.85,875120.0,707550.0,2071.75,107731.0,86788.0,8.123195737531445,6.567747445025109,8.123242844632898,6.567728257362769
2019-12-01,melbourne,760000.0,600000.0,1690.0,81.56,935180.0,738300.0,2079.55,108136.6,87880.0,8.648135783814176,6.827475618800665,8.64815657715066,6.827492034592626
2020-03-01,melbourne,730000.0,593000.0,1722.0,82.15,891820.0,724450.0,2103.71,109392.92,89544.0,8.152447160200131,6.622457833651392,8.152416689002054,6.622442598052354
2020-06-01,melbourne,720000.0,600000.0,1754.0,80.69,895520.0,746260.0,2181.58,113442.16,91208.0,7.894066897174736,6.5783303138797775,7.8940443820717485,6.578370318393123
2020-09-01,melbourne,710000.0,595000.0,1758.0,81.42,875160.0,733410.0,2166.95,112681.4,91416.0,7.766676665359146,6.508705074661835,7.7666929202765385,6.508707447274
2020-12-01,melbourne,760000.0,620000.0,1762.0,82.6,923410.0,753310.0,2140.85,111324.2,91624.0,8.294782266569174,6.766812606782712,8.294769929276173,6.766785994935825
2021-03-01,melbourne,800000.0,630000.0,1781.0,82.85,969080.0,763150.0,2157.41,112185.31999999999,92612.0,8.638206852732605,6.802583439615808,8.63818943549432,6.802574180451777
2021-06-01,melbourne,830000.0,648200.0,1800.0,83.07,1002750.0,783110.0,2174.65,113081.8,93600.0,8.86747469530906,6.925163907896761,8.867521367521368,6.9252136752136755
2021-09-01,melbourne,840000.0,650800.0,1804.0,83.75,1006600.0,779870.0,2161.78,112412.56000000001,93808.0,8.954515402905155,6.9375699654914,8.95446017397237,6.93757462050145
2021-12-01,melbourne,940000.0,655000.0,1808.0,84.7,1113790.0,776100.0,2142.28,111398.56000000001,94016.0,9.998244142473654,6.966876412046977,9.998298162014976,6.966899251191286
2022-03-01,melbourne,888000.0,640000.0,1805.0,86.64,1028619.9999999999,741350.0,2090.83,108723.16,93860.0,9.460909708658209,6.818694379376022,9.460899211591732,6.818666098444492
2022-06-01,melbourne,900000.0,640000.0,1801.0,88.16,1024550.0,728570.0,2050.23,106611.96,93652.0,9.61008502235584,6.833848660131564,9.610045701106223,6.833810276342203
2022-09-01,melbourne,850000.0,618000.0,1820.0,89.99,947950.0,689220.0,2029.73,105545.96,94640.0,8.981395403481098,6.5300462471514775,8.981403212172443,6.530008453085376
2022-12-01,melbourne,875000.0,615000.0,1838.0,91.41,960670.0,675210.0,2017.96,104933.92,95576.0,9.15499964167926,6.434620950022643,9.155017996149661,6.434669791579476
2023-03-01,melbourne,835000.0,605000.0,1859.0,92.55,905460.0,656050.0,2015.88,104825.76000000001,96668.0,8.637762321017275,6.258480739848678,8.637811892249761,6.258534365043241
2023-06-01,melbourne,840300.0,620000.0,1880.0,93.14,905440.0,668060.0,2025.73,105337.96,97760.0,8.595571814756997,6.34206320304665,8.595540098199672,6.342062193126023
2023-09-01,melbourne,832000.0,625000.0,1894.0,94.35,885000.0,664810.0,2014.65,104761.8,98488.0,8.447735720462992,6.345919982283618,8.447729672650475,6.3459507757290226
2023-12-01,melbourne,865000.0,632500.0,1908.0,94.94,914380.0,668610.0,2016.93,104880.36,99216.0,8.718314849415085,6.374978117924081,8.718351878729237,6.3749798419609744
2024-03-01,melbourne,845000.0,629000.0,1921.0,95.89,884390.0,658320.0,2010.55,104548.59999999999,99892.0,8.459128099276318,6.296784461963145,8.459135866736075,6.296800544588155
2024-06-01,melbourne,845000.0,630000.0,1933.0,96.51,878710.0,655130.0,2010.11,104525.72,100516.0,8.406639054961783,6.2676439827441515,8.406621831350233,6.26765888017828
2024-09-01,melbourne,825000.0,618000.0,1956.0,97.15,852260.0,638420.0,2020.63,105072.76000000001,101712.0,8.111141270106543,6.075980111305727,8.11113732892874,6.075979235488438
2024-12-01,melbourne,850000.0,625000.0,1979.0,97.29,876820.0,644720.0,2041.45,106155.40000000001,102908.0,8.259777646732996,6.073360375449576,8.259804874256618,6.073385936953395
2025-03-01,melbourne,840000.0,625000.0,1996.0,98.11,859260.0,639330.0,2041.78,106172.56,103792.0,8.09305153798684,6.021612363872549,8.093109295514106,6.021658702019423
2025-06-01,melbourne,845000.0,625000.0,2013.0,98.48,861130.0,636930.0,2051.43,106674.35999999999,104676.0,8.072511520106614,5.97078810690779,8.072528564331844,5.97080515113302
2025-09-01,melbourne,846800.0,630000.0,2038.0,99.66,852750.0,634430.0,2052.31,106720.12,105976.0,7.9905269971585495,5.94480216101706,7.990488412470748,5.9447422057824415
2025-12-01,melbourne,875000.0,660000.0,2063.0,100.36,875000.0,660000.0,2063.0,107276.0,107276.0,8.156530817703867,6.152354673925203,8.156530817703867,6.152354673925203
2010-06-01,brisbane,465000.0,392500.0,1272.0,65.36,714150.0,602800.0,1953.54,101584.08,66144.0,7.030137005719793,5.934000681996627,7.03011611030479,5.9340227382680215
2010-09-01,brisbane,460000.0,383800.0,1293.0,66.02,699410.0,583550.0,1965.94,102228.88,67236.0,6.8416087508735295,5.708269522271984,6.84157296686299,5.708251531917425
2010-12-01,brisbane,460000.0,385000.0,1315.0,66.35,695930.0,582460.0,1989.45,103451.40000000001,68380.0,6.727120174304069,5.630276632312371,6.727113190991518,5.630301257677684
2011-03-01,brisbane,450000.0,379000.0,1321.0,67.2,672190.0,566130.0,1973.24,102608.48,68692.0,6.551018005529368,5.5173802399177925,6.550981191405112,5.517381936761195
2011-06-01,brisbane,442000.0,382500.0,1327.0,67.85,653910.0,565890.0,1963.22,102087.44,69004.0,6.405391299850403,5.543189250313261,6.40542577241899,5.543156918439511
2011-09-01,brisbane,433000.0,370000.0,1338.0,68.07,638530.0,545620.0,1973.09,102600.68,69576.0,6.223448031728445,5.317898477865839,6.2234103713924345,5.3179257215131654
2011-12-01,brisbane,430000.0,380000.0,1349.0,67.96,635130.0,561280.0,1992.53,103611.56,70148.0,6.1299144612821195,5.417156155162609,6.129896789644751,5.417118093174431
2012-03-01,brisbane,430000.0,376000.0,1362.0,68.07,634100.0,554470.0,2008.48,104440.96,70824.0,6.071372764095619,5.30893243417142,6.071388229978538,5.308934824353327
2012-06-01,brisbane,435000.0,381000.0,1374.0,68.46,637820.0,558640.0,2014.64,104761.28,71448.0,6.088318126697192,5.3325045283906425,6.08834397044004,5.332549546523346
2012-09-01,brisbane,435000.0,387500.0,1395.0,69.25,630550.0,561690.0,2022.1,105149.2,72540.0,5.996717045873863,5.341838073898803,5.996691480562449,5.3418803418803416
2012-12-01,brisbane,440000.0,385000.0,1416.0,69.45,635960.0,556460.0,2046.62,106424.23999999999,73632.0,5.975706286462558,5.228696018876903,5.975662755323772,5.2287049109083
2013-03-01,brisbane,440000.0,392000.0,1443.0,69.49,635590.0,566250.0,2084.45,108391.4,75036.0,5.863841596289005,5.2241229470234725,5.863852017698171,5.224159070312917
2013-06-01,brisbane,445000.0,395000.0,1470.0,69.84,639590.0,567730.0,2112.81,109866.12,76440.0,5.821539888730029,5.16747110028096,5.8215593929879645,5.1674515960230245
2013-09-01,brisbane,449000.0,395000.0,1469.0,70.7,637490.0,560820.0,2085.69,108455.88,76388.0,5.877874025825063,5.170950620657911,5.877886579043829,5.1709692621877785
2013-12-01,brisbane,465000.0,400000.0,1468.0,71.26,655020.0,563460.0,2067.89,107530.28,76336.0,6.091493484439918,5.2400123946482795,6.091490253615595,5.239991616013414
2014-03-01,brisbane,448000.0,405000.0,1478.0,71.69,627290.0,567080.0,2069.49,107613.47999999998,76856.0,5.829102450733868,5.269600053822255,5.829082960341418,5.269595086915791
2014-06-01,brisbane,459000.0,414000.0,1488.0,72.1,639030.0,576380.0,2071.64,107725.28,77376.0,5.932033780743016,5.350461841454485,5.932071960297767,5.350496277915632
2014-09-01,brisbane,451000.0,420000.0,1498.0,72.57,623830.0,580950.0,2072.06,107747.12,77896.0,5.789760320275846,5.391791446490635,5.789770976686865,5.391804457225018
2014-12-01,brisbane,467000.0,420000.0,1509.0,72.74,644450.0,579590.0,2082.4,108284.8,78468.0,5.951435473861521,5.352459440290788,5.951470663200285,5.352500382321456
2015-03-01,brisbane,462800.0,420000.0,1500.0,72.7,639010.0,579910.0,2071.11,107697.72,78000.0,5.933366091686992,5.384607956417276,5.933333333333334,5.384615384615385
2015-06-01,brisbane,465000.0,425000.0,1492.0,73.21,637570.0,582730.0,2045.72,106377.44,77584.0,5.993470044024372,5.477947203843221,5.993503815219633,5.477933594555578
2015-09-01,brisbane,475000.0,425000.0,1497.0,73.66,647310.0,579170.0,2040.03,106081.56,77844.0,6.102003024842395,5.459667071261019,6.1019474847130155,5.459637223164277
2015-12-01,brisbane,490000.0,420000.0,1502.0,73.93,665310.0,570260.0,2039.37,106047.23999999999,78104.0,6.273713488441567,5.377414820036806,6.273686366895421,5.377445457338933
2016-03-01,brisbane,483500.0,415000.0,1507.0,73.91,656660.0,563630.0,2046.71,106428.92,78364.0,6.169939523956459,5.295835004245087,6.169924965545404,5.295799091419529
2016-06-01,brisbane,495000.0,413000.0,1512.0,74.27,669020.0,558190.0,2043.55,106264.59999999999,78624.0,6.295793707405854,5.25283114037977,6.295787545787546,5.252849002849003
2016-09-01,brisbane,500000.0,420000.0,1524.0,74.72,671710.0,564230.0,2047.37,106463.23999999999,79248.0,6.309313900272057,5.299763561582384,6.309307490409853,5.299818291944276
2016-12-01,brisbane,515000.0,410000.0,1536.0,75.09,688450.0,548090.0,2053.32,106772.64000000001,79872.0,6.447812847935575,5.133243872212955,6.447816506410256,5.133213141025641
2017-03-01,brisbane,510000.0,405000.0,1545.0,75.31,679770.0,539820.0,2059.32,107084.64000000001,80340.0,6.347969232562204,5.041059109877943,6.3480209111277075,5.041075429424944
2017-06-01,brisbane,518000.0,392500.0,1553.0,75.61,687700.0,521080.00000000006,2061.77,107212.04,80756.0,6.414391517967572,4.860275021350215,6.414384070533459,4.860319976224677
2017-09-01,brisbane,525000.0,400000.0,1566.0,75.89,694420.0,529080.0,2071.35,107710.2,81432.0,6.447114572250354,4.912069609006389,6.447096964338344,4.912073877591119
2017-12-01,brisbane,535000.0,391000.0,1579.0,76.51,701910.0,512990.0,2071.62,107724.23999999999,82108.0,6.515803685410081,4.762066550666777,6.515808447410727,4.762020753154382
2018-03-01,brisbane,526000.0,385000.0,1588.0,76.62,689110.0,504390.0,2080.44,108182.88,82576.0,6.369861848750929,4.6623828095536,6.369889556287541,4.662371633404379
2018-06-01,brisbane,532000.0,385000.0,1596.0,76.91,694350.0,502490.0,2083.04,108318.08,82992.0,6.410287183820097,4.639022405123872,6.410256410256411,4.639001349527665
2018-09-01,brisbane,540000.0,385000.0,1613.0,77.28,701410.0,500080.0,2095.15,108947.8,83876.0,6.438037298596209,4.590088097235557,6.438075253946302,4.590109208832086
2018-12-01,brisbane,540000.0,390000.0,1630.0,77.68,697800.0,503970.0,2106.33,109529.16,84760.0,6.370906158688699,4.601240436793271,6.370929683813119,4.601226993865031
2019-03-01,brisbane,533000.0,387800.0,1631.0,77.72,688400.0,500870.0,2106.53,109539.56000000001,84812.0,6.284487540391799,4.572503303829228,6.284488044144696,4.572466160448993
2019-06-01,brisbane,538000.0,390000.0,1632.0,78.19,690680.0,500680.0,2095.15,108947.8,84864.0,6.339549766034743,4.59559532179631,6.339555052790347,4.595588235294118
2019-09-01,brisbane,540000.0,397500.0,1648.0,78.68,688930.0,507130.0,2102.52,109331.04,85696.0,6.301321198444651,4.638481441318038,6.30134428678118,4.638489544436147
2019-12-01,brisbane,550000.0,399000.0,1664.0,79.23,696820.0,505510.0,2108.2,109626.4,86528.0,6.356315632001051,4.611206789605424,6.356323964497041,4.611224112426036
2020-03-01,brisbane,540000.0,390000.0,1681.0,79.21,684320.0,494230.0,2130.27,110774.04,87412.0,6.177620677191155,4.461604903098235,6.177641513750973,4.46162998215348
2020-06-01,brisbane,547000.0,386500.0,1698.0,77.4,709400.0,501250.0,2202.13,114510.76000000001,88296.0,6.1950510152932345,4.377317904448455,6.195071124399746,4.37732173597898
2020-09-01,brisbane,555000.0,400000.0,1681.0,79.17,703690.0,507160.0,2131.35,110830.2,87412.0,6.349262204705938,4.576009066120967,6.349242666910722,4.5760307509266465
2020-12-01,brisbane,575000.0,415000.0,1664.0,80.06,720940.0,520330.00000000006,2086.34,108489.68000000001,86528.0,6.645240358345604,4.796124387130647,6.6452477810650885,4.796135355029586
2021-03-01,brisbane,600000.0,420000.0,1680.0,80.56,747620.0,523330.00000000006,2093.33,108853.16,87360.0,6.868151553891499,4.807669340972739,6.868131868131868,4.8076923076923075
2021-06-01,brisbane,630000.0,421300.0,1695.0,81.25,778330.0,520490.0,2094.08,108892.16,88140.0,7.147713848269701,4.7798666129866465,7.147719537100068,4.779895620603585
2021-09-01,brisbane,657000.0,430000.0,1708.0,82.25,801820.0,524780.0,2084.49,108393.47999999998,88816.0,7.397308398992266,4.841435112148813,7.397315798955143,4.841470005404432
2021-12-01,brisbane,750000.0,450000.0,1722.0,83.54,901190.0,540710.0,2069.12,107594.23999999999,89544.0,8.375820118251685,5.025454894239692,8.375770570892522,5.025462342535513
2022-03-01,brisbane,765000.0,459000.0,1739.0,85.41,899080.0,539450.0,2043.8,106277.59999999999,90428.0,8.459731872003132,5.075857941842872,8.459769098066971,5.0758614588401825
2022-06-01,brisbane,773000.0,470000.0,1757.0,87.16,890240.0,541290.0,2023.49,105221.48,91364.0,8.46062990180332,5.144291830907529,8.460662843132962,5.144258132305941
2022-09-01,brisbane,750000.0,470000.0,1784.0,88.72,848570.0,531770.0,2018.46,104959.92,92768.0,8.084705095049616,5.066410111593073,8.084684373922043,5.066402207657813
2022-12-01,brisbane,750000.0,480000.0,1811.0,90.01,836410.0,535300.0,2019.64,105021.28,94172.0,7.9641954468656255,5.0970622334825855,7.964150702969035,5.097056449900182
2023-03-01,brisbane,757000.0,483000.0,1826.0,91.73,828380.0,528550.0,1998.19,103905.88,94952.0,7.972407336331687,5.086815106132589,7.972449237509479,5.086780689190328
2023-06-01,brisbane,775000.0,500000.0,1842.0,92.67,839480.0,541600.0,1995.25,103753.0,95784.0,8.0911395333147,5.2200900214933545,8.091121690470224,5.22007850998079
2023-09-01,brisbane,800000.0,525000.0,1869.0,93.35,860250.0,564540.0,2009.75,104507.0,97188.0,8.231506023519955,5.40193479862593,8.231468905626208,5.4019014693172
2023-12-01,brisbane,830000.0,548000.0,1896.0,93.81,888130.0,586380.0,2028.79,105497.08,98592.0,8.418526844534465,5.558258105342821,8.4185329438494,5.558260305095748
2024-03-01,brisbane,850300.0,580000.0,1926.0,94.88,899590.0,613620.0,2037.65,105957.8,100152.0,8.490078125442393,5.79117346717278,8.490095055515615,5.791197379982426
2024-06-01,brisbane,890000.0,610000.0,1958.0,95.78,932740.0,639300.0,2052.04,106706.08,101816.0,8.741207623783012,5.991223742827025,8.741258741258742,5.99119981142453
2024-09-01,brisbane,890000.0,631000.0,1984.0,94.99,940500.0,666800.0,2096.58,109022.16,103168.0,8.626686537856157,6.116187754856444,8.626705955334987,6.11623759305211
2024-12-01,brisbane,935000.0,655000.0,2010.0,95.54,982370.0,688180.0,2111.83,109815.16,104520.0,8.945668339416889,6.26671217343762,8.945656333716036,6.266743207041714
2025-03-01,brisbane,947500.0,685000.0,2008.0,97.37,976790.0,706180.0,2070.07,107643.64000000001,104416.0,9.074293660080613,6.560350430364487,9.074279803861478,6.560297272448667
2025-06-01,brisbane,970000.0,706000.0,2006.0,98.16,991940.0,721970.0,2051.37,106671.23999999999,104312.0,9.299038803711293,6.768178564344054,9.299025998926298,6.768157067259759
2025-09-01,brisbane,1020000.0,740000.0,2026.0,99.48,1029230.0,746690.0,2044.33,106305.16,105352.0,9.681844230327107,7.0240240454931815,9.681828536715013,7.024071683499127
2025-12-01,brisbane,1100000.0,793000.0,2046.0,100.38,1100000.0,793000.0,2046.0,106392.0,106392.0,10.339123242349048,7.453567937438905,10.339123242349048,7.453567937438905
2010-06-01,adelaide,410000.0,337500.0,1182.0,65.97,624170.0,513799.99999999994,1799.43,93570.36,61464.0,6.670595261148937,5.491055073422823,6.670571391383574,5.491019133151113
2010-09-01,adelaide,400000.0,330500.0,1199.0,66.55,603640.0,498750.0,1809.4,94088.8,62348.0,6.415641394087287,5.300843458520037,6.415602745877975,5.3008917687816774
2010-12-01,adelaide,410000.0,335000.0,1216.0,66.76,616780.0,503960.0,1829.28,95122.56,63232.0,6.484055937939433,5.298007118395468,6.4840587044534415,5.2979504048583
2011-03-01,adelaide,400000.0,339000.0,1225.0,67.86,591980.0,501710.0,1812.95,94273.40000000001,63700.0,6.279395884735248,5.321861734062843,6.279434850863423,5.32182103610675
2011-06-01,adelaide,395000.0,328500.0,1235.0,68.53,578870.0,481410.0,1809.88,94113.76000000001,64220.0,6.1507477758831435,5.1151925074505575,6.1507318592338835,5.115228900654002
2011-09-01,adelaide,390000.0,320000.0,1253.0,69.2,566010.0,464420.0,1818.48,94560.96,65156.0,5.985662582105765,4.911329157402801,5.985634477254589,4.911289827490945
2011-12-01,adelaide,385000.0,327300.0,1270.0,69.17,558990.0,475220.0,1843.95,95885.40000000001,66040.0,5.829771790074401,4.956124707202556,5.829800121138704,4.956087219866747
2012-03-01,adelaide,382000.0,317000.0,1276.0,69.11,555120.0,460660.0,1854.27,96422.04,66352.0,5.757189953666195,4.777538413416684,5.757173860622136,4.777550036170726
2012-06-01,adelaide,385000.0,315000.0,1283.0,69.33,557700.0,456300.0,1858.53,96643.56,66716.0,5.770689738664428,4.721473422543624,5.770729660051562,4.721506085496732
2012-09-01,adelaide,386000.0,325000.0,1301.0,70.4,550650.0,463630.0,1855.96,96509.92,67652.0,5.705631089529449,4.803962121199562,5.705670194524922,4.803996925441968
2012-12-01,adelaide,395000.0,325000.0,1319.0,70.63,561660.0,462120.0,1875.51,97526.52,68588.0,5.759048923308245,4.738403461950657,5.759024902315274,4.7384382107657315
2013-03-01,adelaide,395000.0,325000.0,1322.0,70.69,561180.0,461730.0,1878.18,97665.36,68744.0,5.745947181272869,4.727674172296093,5.745956010706389,4.72768532526475
2013-06-01,adelaide,395000.0,330000.0,1324.0,70.82,560150.0,467970.0,1877.57,97633.64,68848.0,5.737264328155747,4.79312253440515,5.737276318847316,4.793167557518011
2013-09-01,adelaide,395000.0,324000.0,1344.0,71.75,552890.0,453510.0,1881.23,97823.96,69888.0,5.651887329034727,4.635980796524696,5.651900183150183,4.635989010989011
2013-12-01,adelaide,412000.0,330000.0,1363.0,72.24,572770.0,458770.0,1894.88,98533.76000000001,70876.0,5.81293152722478,4.655967660221227,5.8129691291833625,4.656018962695412
2014-03-01,adelaide,407000.0,326000.0,1384.0,72.71,562160.0,450280.0,1911.64,99405.28,71968.0,5.6552328005112,4.529739265358943,5.655291240551356,4.529791018230324
2014-06-01,adelaide,405000.0,345000.0,1405.0,73.01,557100.0,474570.0,1932.67,100498.84,73060.0,5.54334756500672,4.722144056588116,5.543388995346291,4.722146181220914
2014-09-01,adelaide,410000.0,342500.0,1399.0,73.26,562060.0,469520.0,1917.85,99728.2,72748.0,5.635918426282636,4.70799633403591,5.635893770275471,4.708033210534998
2014-12-01,adelaide,425000.0,345000.0,1394.0,73.5,580720.0,471410.0,1904.75,99047.0,72488.0,5.863075105757873,4.75945763122558,5.863039399624766,4.759408453813045
2015-03-01,adelaide,415500.0,345000.0,1396.0,73.54,567430.0,471150.0,1906.45,99135.40000000001,72592.0,5.723787869923357,4.752590900929436,5.7237712144588935,4.752589817059731
2015-06-01,adelaide,420000.0,345000.0,1398.0,73.91,570700.0,468790.0,1899.62,98780.23999999999,72696.0,5.7774712837304305,4.745787214122987,5.7774843182568505,4.745790689996698
2015-09-01,adelaide,427500.0,344500.0,1414.0,74.1,579400.0,466910.0,1916.44,99654.88,73528.0,5.814065502863482,4.685269803144612,5.814111630943314,4.685289957567186
2015-12-01,adelaide,436000.0,345000.0,1431.0,74.29,589410.0,466390.0,1934.52,100595.04,74412.0,5.859235206825307,4.636312088548302,5.8592700102134065,4.636348975971617
2016-03-01,adelaide,436000.0,345000.0,1449.0,74.04,591400.0,467970.0,1965.47,102204.44,75348.0,5.786441371822986,4.57876389714576,5.786484047353612,4.5787545787545785
2016-06-01,adelaide,440000.0,367000.0,1467.0,74.39,594020.0,495470.0,1980.52,102987.04,76284.0,5.767910214722163,4.810993693963823,5.767919878349327,4.810969534895915
2016-09-01,adelaide,445000.0,365000.0,1486.0,75.04,595570.0,488500.0,1988.79,103417.08,77272.0,5.758913324568823,4.7235911128026435,5.758877730613936,4.723573868930531
2016-12-01,adelaide,447000.0,365000.0,1504.0,75.21,596890.0,487390.0,2008.33,104433.16,78208.0,5.715521774884529,4.6670042350533105,5.715527823240589,4.6670417348608835
2017-03-01,adelaide,451300.0,365000.0,1504.0,75.5,600320.0,485520.0,2000.62,104032.23999999999,78208.0,5.770518831469937,4.667014763884735,5.770509410801964,4.6670417348608835
2017-06-01,adelaide,450000.0,383500.0,1504.0,75.57,598030.0,509660.0,1998.77,103936.04,78208.0,5.7538270651835495,4.903592632545939,5.753887070376432,4.903590425531915
2017-09-01,adelaide,451000.0,375000.0,1501.0,76.39,592930.0,493010.0,1973.37,102615.23999999999,78052.0,5.778186553966059,4.804452048253262,5.778199149285092,4.804489314815764
2017-12-01,adelaide,470000.0,390000.0,1497.0,76.95,613410.0,509000.0,1953.78,101596.56,77844.0,6.037704426212856,5.010012150017678,6.037716458558142,5.01002004008016
2018-03-01,adelaide,465000.0,370000.0,1499.0,77.24,604610.0,481090.0,1949.05,101350.59999999999,77948.0,5.965529557792456,4.746789856202135,5.96551547185303,4.746754246420691
2018-06-01,adelaide,468000.0,380000.0,1501.0,77.6,605690.0,491800.0,1942.6,101015.2,78052.0,5.996028320490382,4.868574234372649,5.9960026648900735,4.868549172346641
2018-09-01,adelaide,466300.0,380000.0,1507.0,77.77,602170.0,490720.0,1946.1,101197.2,78364.0,5.950461079950829,4.84914602380303,5.95043642488898,4.849165433107039
2018-12-01,adelaide,480000.0,371000.0,1514.0,78.2,616450.0,476460.0,1944.39,101108.28,78728.0,6.096928955769004,4.71237370470549,6.09694136774718,4.712427598821258
2019-03-01,adelaide,475000.0,400000.0,1523.0,78.25,609640.0,513380.0,1954.7,101644.40000000001,79196.0,5.997772626922879,5.050745540334735,5.997777665538663,5.05076013940098
2019-06-01,adelaide,478500.0,390000.0,1532.0,78.7,610620.0,497680.0,1955.0,101660.0,79664.0,6.0064922289986225,4.895534133385795,6.006477204257883,4.89556135770235
2019-09-01,adelaide,474000.0,380000.0,1546.0,79.27,600530.0,481440.0,1958.68,101851.36,80392.0,5.896141200274596,4.726888281118681,5.896109065578664,4.726838491392178
2019-12-01,adelaide,485000.0,385000.0,1561.0,79.86,609920.0,484170.0,1963.08,102080.16,81172.0,5.974912265027798,4.743037236618751,5.974966737298576,4.743014832700931
2020-03-01,adelaide,472000.0,390000.0,1572.0,80.12,591650.0,488860.0,1970.49,102465.48,81744.0,5.7741397395493586,4.7709726241462,5.774124094734781,4.770992366412214
2020-06-01,adelaide,487500.0,421300.0,1582.0,79.33,617160.0,533360.0,2002.78,104144.56,82264.0,5.925993638073847,5.12134287186964,5.926042983565107,5.121316736360984
2020-09-01,adelaide,500000.0,411800.0,1590.0,80.08,627060.0,516450.00000000006,1994.05,103690.59999999999,82680.0,6.047414133971643,4.980682916291352,6.047411707789066,4.980648282535075
2020-12-01,adelaide,512500.0,415000.0,1597.0,80.6,638590.0,517100.0,1989.91,103475.32,83044.0,6.171423292046837,4.997326898819931,6.17142719522181,4.99735080198449
2021-03-01,adelaide,523000.0,420000.0,1611.0,81.14,647340.0,519850.0,1993.99,103687.48,83772.0,6.243183844375426,5.013623631319809,6.243136131404288,5.013608365563673
2021-06-01,adelaide,550000.0,415000.0,1625.0,81.52,677580.0,511270.0,2001.95,104101.40000000001,84500.0,6.508846182664209,4.91126920483298,6.508875739644971,4.911242603550296
2021-09-01,adelaide,580000.0,425000.0,1634.0,82.11,709410.0,519820.00000000006,1998.57,103925.64,84968.0,6.826130683438659,5.001845550337723,6.826099237359947,5.001883061858582
2021-12-01,adelaide,630000.0,450000.0,1642.0,83.33,759280.0,542340.0,1978.95,102905.40000000001,85384.0,7.378427176805104,5.270277361537878,7.378431556263468,5.270308254473906
2022-03-01,adelaide,650000.0,454900.0,1657.0,84.9,768900.0,538110.0,1960.1,101925.2,86164.0,7.543767390203797,5.27945983917618,7.543753771876886,5.279467062810454
2022-06-01,adelaide,663000.0,465000.0,1672.0,86.72,767820.0,538510.0,1936.33,100689.16,86944.0,7.625647090511034,5.348242055053394,7.625598086124402,5.34827015090173
2022-09-01,adelaide,654000.0,485000.0,1690.0,88.98,738160.0,547410.0,1907.47,99188.44,87880.0,7.44199626488732,5.518889096350341,7.441966317705963,5.518889394629039
2022-12-01,adelaide,675000.0,480000.0,1708.0,90.51,748980.0,532610.0,1895.2,98550.40000000001,88816.0,7.599969152839561,5.404442802870409,7.5999819852278865,5.404431633939831
2023-03-01,adelaide,680000.0,489500.0,1717.0,91.6,745550.0,536690.0,1882.51,97890.52,89284.0,7.616161401533059,5.482553366761153,7.616146230007616,5.4825052641010705
2023-06-01,adelaide,702000.0,525000.0,1726.0,92.69,760620.0,568840.0,1870.13,97246.76000000001,89752.0,7.821545931196062,5.849449380113024,7.821552723059096,5.8494518228006065
2023-09-01,adelaide,715000.0,520000.0,1757.0,94.24,761960.0,554160.0,1872.41,97365.32,91364.0,7.825784375792119,5.691554241284268,7.825839499146272,5.691519635742743
2023-12-01,adelaide,750000.0,565500.0,1787.0,94.86,794040.0,598710.0,1891.93,98380.36,92924.0,8.071123138805348,6.085665878840045,8.07111187637209,6.085618354784555
2024-03-01,adelaide,765000.0,570000.0,1810.0,95.57,803900.0,598990.0,1902.04,98906.08,94120.0,8.127912864406314,6.056149429842938,8.127921801954951,6.056098597535062
2024-06-01,adelaide,785000.0,630000.0,1832.0,96.79,814520.0,653690.0,1900.9,98846.8,95264.0,8.240226289571336,6.613162995666021,8.240258649647297,6.613201209271078
2024-09-01,adelaide,818300.0,610000.0,1874.0,97.32,844450.0,629490.0,1933.89,100562.28,97448.0,8.397283752914115,6.259702942296058,8.397299072325753,6.259748789097776
2024-12-01,adelaide,850000.0,640000.0,1916.0,97.21,878160.0,661200.0,1979.47,102932.44,99632.0,8.531421192385995,6.42363087866177,8.531395535570901,6.423638991488678
2025-03-01,adelaide,853000.0,640000.0,1940.0,97.72,876660.0,657750.0,1993.8,103677.59999999999,100880.0,8.455635547119147,6.344186208014075,8.455590800951626,6.3441712926249005
2025-06-01,adelaide,868000.0,663000.0,1963.0,98.52,884830.0,675850.0,2001.06,104055.12,102076.0,8.503473928048903,6.495115281208652,8.503468004232142,6.495160468670402
2025-09-01,adelaide,900000.0,685800.0,1981.0,99.64,907140.0,691240.0,1996.71,103828.92,103012.0,8.736872154694472,6.657490032642158,8.736846192676582,6.657476798819555
2025-12-01,adelaide,950000.0,730000.0,1999.0,100.43,950000.0,730000.0,1999.0,103948.0,103948.0,9.139184977103936,7.022742140300919,9.139184977103936,7.022742140300919
2010-06-01,perth,510000.0,417000.0,1420.0,67.27,757300.0,619210.0,2108.57,109645.64000000001,73840.0,6.906795381923074,5.6473745786882175,6.9068255687974,5.647345612134345
2010-09-01,perth,500000.0,410000.0,1445.0,67.57,739160.0,606110.0,2136.17,111080.84,75140.0,6.654252884655896,5.4564765624746805,6.654245408570668,5.4564812350279475
2010-12-01,perth,500000.0,410000.0,1470.0,67.6,738830.0,605840.0,2172.16,112952.31999999999,76440.0,6.541078571914238,5.36367911699379,6.541077969649399,5.3636839351125065
2011-03-01,perth,500000.0,405000.0,1500.0,68.39,730300.0,591540.0,2190.89,113926.28,78000.0,6.41028566894311,5.192305059025889,6.410256410256411,5.1923076923076925
2011-06-01,perth,485000.0,405000.0,1530.0,69.28,699290.0,583940.0,2206.0,114712.0,79560.0,6.096049236348421,5.090487481693284,6.096028154851684,5.090497737556561
2011-09-01,perth,470000.0,395000.0,1553.0,69.46,675900.0,568050.0,2233.36,116134.72,80756.0,5.819964951049953,4.891302101559292,5.820000990638467,4.891277428302541
2011-12-01,perth,480000.0,400000.0,1576.0,69.56,689290.0,574410.0,2263.18,117685.35999999999,81952.0,5.8570581761401765,4.880895975506215,5.8570870753611874,4.880905896134323
2012-03-01,perth,489500.0,406000.0,1574.0,69.73,701220.0,581610.0,2254.8,117249.6,81848.0,5.980574773815859,4.960443361853686,5.980598181995894,4.960414426742254
2012-06-01,perth,499000.0,400000.0,1571.0,70.08,711260.0,570150.0,2239.26,116441.52000000002,81692.0,6.108302261942303,4.8964493077726905,6.108309259168585,4.896440287910689
2012-09-01,perth,495000.0,400000.0,1604.0,70.86,697790.0,563870.0,2261.13,117578.76000000001,83408.0,5.934660307695029,4.7956790835351555,5.934682524458085,4.79570305006714
2012-12-01,perth,510000.0,410000.0,1637.0,71.0,717520.0,576830.0,2303.1,119761.2,85124.0,5.991255932639286,4.816501504660942,5.991259809219492,4.816502983882336
2013-03-01,perth,520000.0,430000.0,1663.0,71.35,728000.0,602000.0,2328.2,121066.4,86476.0,6.013229104028864,4.972477912946945,6.013229104028864,4.972477912946945
2013-06-01,perth,529000.0,426000.0,1690.0,71.78,736160.0,592830.0,2351.83,122295.16,87880.0,6.019535033111694,4.847534440447193,6.019572143832499,4.847519344560765
2013-09-01,perth,520000.0,430000.0,1678.0,72.62,715270.0,591470.0,2308.12,120022.23999999999,87256.0,5.959478843254384,4.928003343380361,5.959475566150179,4.928027872008801
2013-12-01,perth,552000.0,450000.0,1665.0,73.1,754300.0,614920.0,2275.2,118310.4,86580.0,6.375601806772693,5.1975143351725634,6.375606375606376,5.197505197505198
2014-03-01,perth,530500.0,445000.0,1678.0,73.63,719700.0,603710.0,2276.46,118375.92,87256.0,6.079783793866185,5.099939244400382,6.079811130466672,5.099935821032364
2014-06-01,perth,525000.0,452000.0,1690.0,74.17,707050.0,608740.0,2276.04,118354.08,87880.0,5.974023033257493,5.1433799324873295,5.974055530268548,5.143377332726446
2014-09-01,perth,530000.0,442000.0,1705.0,74.54,710250.0,592320.0,2284.85,118812.2,88660.0,5.977921459244085,4.985346622653229,5.977893074667268,4.9853372434017595
2014-12-01,perth,531000.0,445000.0,1720.0,74.6,711010.0,595860.0,2303.09,119760.68000000001,89440.0,5.936923537842303,4.975422651240791,5.9369409660107335,4.975402504472272
2015-03-01,perth,536500.0,440000.0,1734.0,74.67,717700.0,588610.0,2319.66,120622.31999999999,90168.0,5.949976753887673,4.879776810792563,5.9500044361636055,4.879779966285157
2015-06-01,perth,537000.0,434500.0,1748.0,75.11,714160.0,577850.0,2324.69,120883.88,90896.0,5.907818312913186,4.780207253440244,5.907850730505193,4.780188347121985
2015-09-01,perth,520000.0,425000.0,1756.0,75.38,689080.0,563190.0,2326.97,121002.43999999999,91312.0,5.694761196551078,4.654368953221109,5.694760820045558,4.654371824075697
2015-12-01,perth,525000.0,430000.0,1763.0,75.71,692670.0,567330.0,2326.06,120955.12,91676.0,5.7266695283341456,4.690417404405866,5.72668964614512,4.690431519699812
2016-03-01,perth,518000.0,430000.0,1757.0,75.24,687710.0,570880.0,2332.63,121296.76000000001,91364.0,5.669648554503846,4.706473610671876,5.669629175605271,4.706448929556499
2016-06-01,perth,520000.0,410000.0,1751.0,75.45,688440.0,542810.0,2318.19,120545.88,91052.0,5.711020567438721,4.502932825244629,5.711022272986865,4.502921407547335
2016-09-01,perth,510000.0,425000.0,1756.0,75.7,672970.0,560810.0,2317.13,120490.76000000001,91312.0,5.585241557111931,4.654381796579256,5.585246188890836,4.654371824075697
2016-12-01,perth,525000.0,410000.0,1760.0,75.99,690120.0,538950.0,2313.55,120304.6,91520.0,5.7364390056573065,4.4798785748840855,5.736451048951049,4.479895104895105
2017-03-01,perth,510000.0,415000.0,1767.0,75.96,670670.0,545740.0,2323.67,120830.84,91884.0,5.5504869452202765,4.516562162441311,5.550476687997911,4.516564363763005
2017-06-01,perth,506000.0,405000.0,1773.0,75.96,665410.0,532590.0,2331.56,121241.12,92196.0,5.488319474448933,4.392816562565572,5.488307518764372,4.39281530652089
2017-09-01,perth,500000.0,405000.0,1782.0,76.3,654590.0,530220.0,2332.95,121313.4,92664.0,5.395858990020888,4.370663092453101,5.395838729172063,4.370629370629371
2017-12-01,perth,515000.0,410000.0,1790.0,76.64,671230.0,534380.0,2333.03,121317.56000000001,93080.0,5.53283465312029,4.404803393671946,5.532874946282767,4.404813064030941
2018-03-01,perth,510000.0,400000.0,1790.0,76.65,664630.0,521280.0,2332.72,121301.43999999999,93080.0,5.4791600165669925,4.297393336797981,5.479157713794585,4.297378599054577
2018-06-01,perth,510000.0,408000.0,1790.0,76.82,663160.0,530530.0,2327.56,121033.12,93080.0,5.4791614063985135,4.383345649521387,5.479157713794585,4.383326171035669
2018-09-01,perth,485000.0,395000.0,1798.0,77.2,627550.0,511100.0,2326.45,120975.4,93496.0,5.187418268507482,4.2248258736900235,5.1873876957302985,4.22477966971849
2018-12-01,perth,489000.0,392000.0,1806.0,77.57,629700.0,504790.0,2325.66,120934.31999999999,93912.0,5.206958620183253,4.1740839159636405,5.207002300025556,4.174120453190221
2019-03-01,perth,490000.0,387500.0,1817.0,77.49,631640.0,499510.0,2342.24,121796.47999999998,94484.0,5.186028364694941,4.101185847078669,5.186063248804031,4.101223487574615
2019-06-01,perth,480000.0,379000.0,1829.0,78.08,614080.0,484870.0,2339.89,121674.28,95108.0,5.046917064148643,3.984983515004157,5.046894057282247,3.984943432729108
2019-09-01,perth,478000.0,380000.0,1829.0,78.47,608480.0,483730.0,2328.26,121069.52000000002,95108.0,5.025872738241631,3.9954730141822643,5.025865332043572,3.995457795348446
2019-12-01,perth,495000.0,380000.0,1828.0,78.85,627080.0,481400.0,2315.78,120420.56000000001,95056.0,5.207416407962228,3.9976562141880088,5.2074566571284295,3.9976434943612187
2020-03-01,perth,477500.0,380000.0,1860.0,79.1,603000.0,479880.0,2348.87,122141.23999999999,96720.0,4.936907468763213,3.9288941229023058,4.936931348221671,3.9288668320926385
2020-06-01,perth,475000.0,350000.0,1893.0,78.13,607290.0,447480.0,2420.22,125851.43999999999,98436.0,4.82545134167714,3.555620817687903,4.8254703563736845,3.5556097362753465
2020-09-01,perth,495000.0,385000.0,1891.0,79.52,621800.0,483620.0,2375.4,123520.8,98332.0,5.033969987241015,3.9152919994041486,5.033966562258471,3.915307326201033
2020-12-01,perth,528000.0,400000.0,1890.0,78.77,669570.0,507250.0,2396.75,124631.0,98280.0,5.3724193820157105,4.070014683345235,5.372405372405372,4.07000407000407
2021-03-01,perth,535000.0,414000.0,1909.0,79.86,669190.0,517840.00000000006,2387.8,124165.6,99268.0,5.389495963455256,4.170559317556553,5.389450779707459,4.170528266913809
2021-06-01,perth,540000.0,420000.0,1929.0,81.43,662420.0,515210.00000000006,2366.3,123047.6,100308.0,5.383445105796456,4.18707882152923,5.383419069266659,4.187103720540734
2021-09-01,perth,525000.0,415000.0,1939.0,82.07,638990.0,505110.0,2360.02,122721.04,100828.0,5.206849616007166,4.115920138877572,5.206886975840044,4.115920180902131
2021-12-01,perth,558800.0,412800.0,1950.0,83.26,670410.0,495250.0,2339.48,121652.96,101400.0,5.510840015729991,4.071006574768094,5.510848126232742,4.071005917159764
2022-03-01,perth,550000.0,410000.0,1970.0,85.97,639050.0,476390.0,2288.98,119026.96,102440.0,5.3689517064033225,4.0023705553766975,5.368996485747755,4.002342834830144
2022-06-01,perth,565000.0,405000.0,1990.0,87.43,645520.0,462720.0,2273.6,118227.2,103480.0,5.459995669355275,3.9138201699778055,5.459992269037495,3.913799768071125
2022-09-01,perth,555000.0,400000.0,2015.0,86.99,637300.0,459320.0,2313.81,120318.12,104780.0,5.296791538963541,3.8175463512893986,5.296812368772667,3.8175224279442643
2022-12-01,perth,580000.0,400000.0,2040.0,90.11,642950.0,443410.0,2261.41,117593.31999999999,106080.0,5.46757247775639,3.7707073837187353,5.467571644042232,3.770739064856712
2023-03-01,perth,578000.0,402600.0,2067.0,90.93,634950.0,442270.0,2270.68,118075.35999999999,107484.0,5.377497896258797,3.7456587047458507,5.377544564772431,3.745673774701351
2023-06-01,perth,600000.0,410000.0,2094.0,91.67,653800.0,446760.0,2281.77,118652.04,108888.0,5.510229744048227,3.765295565082573,5.5102490632576595,3.765336859892734
2023-09-01,perth,600000.0,420000.0,2129.0,92.01,651390.0,455970.0,2311.33,120189.16,110708.0,5.419706735615757,3.7937697542773408,5.4196625356794454,3.7937637749756115
2023-12-01,perth,660000.0,445000.0,2164.0,93.4,705860.0,475920.0,2314.37,120347.23999999999,112528.0,5.865194748130493,3.954556830717514,5.865206881842742,3.954571306697
2024-03-01,perth,700000.0,475000.0,2157.0,93.96,744180.0,504980.0,2293.13,119242.76000000001,112164.0,6.240882046004302,4.234890235683911,6.240861595520845,4.234870368389145
2024-06-01,perth,756000.0,510000.0,2150.0,95.89,787540.0,531270.0,2239.69,116463.88,111800.0,6.762096540146181,4.561671824775201,6.762075134168158,4.561717352415027
2024-09-01,perth,780000.0,540000.0,2182.0,95.47,816110.0,565000.0,2283.02,118717.04,113464.0,6.8744133108440035,4.759215694730933,6.8744271310724105,4.75921878305013
2024-12-01,perth,820000.0,557500.0,2213.0,96.14,851980.0,579250.0,2299.32,119564.64000000001,115076.0,7.1256853196731065,4.8446597589387626,7.125725607424658,4.844624422121033
2025-03-01,perth,821500.0,575000.0,2213.0,96.63,849210.0,594400.0,2287.66,118958.31999999999,115076.0,7.138718838665509,4.996708090699331,7.138760471340679,4.996697834474608
2025-06-01,perth,850000.0,600000.0,2212.0,98.52,861820.0,608340.0,2242.76,116623.52000000002,115024.0,7.389761516373368,5.216271983558719,7.38976213659758,5.216302684657115
2025-09-01,perth,871000.0,625900.0,2233.0,99.72,872480.0,626970.0,2236.81,116314.12,116116.0,7.501066938390627,5.390317185910017,7.501119570085088,5.390299355816597
2025-12-01,perth,951000.0,700000.0,2253.0,99.89,951000.0,700000.0,2253.0,117156.0,117156.0,8.11738195226877,5.974939397043259,8.11738195226877,5.974939397043259
2010-06-01,hobart,343800.0,280000.0,1132.0,66.81,517940.00000000006,421820.0,1705.37,88679.23999999999,58864.0,5.8406003479506605,4.756693900398786,5.840581679804295,4.756727371568361
2010-09-01,hobart,340000.0,287500.0,1149.0,67.5,506980.0,428690.0,1713.29,89091.08,59748.0,5.690580920110071,4.811817299779057,5.690567048269398,4.811876548168977
2010-12-01,hobart,345000.0,288000.0,1166.0,67.58,513820.00000000006,428930.0,1736.58,90302.16,60632.0,5.690007858062311,4.749941751116474,5.690064652328803,4.749967014117957
2011-03-01,hobart,338000.0,291500.0,1183.0,68.46,496930.0,428560.0,1739.25,90441.0,61516.0,5.494521290122843,4.738558839464402,5.4945054945054945,4.738604590675597
2011-06-01,hobart,330000.0,294000.0,1200.0,69.08,480810.0,428360.0,1748.41,90917.32,62400.0,5.288431291199521,4.711533511986494,5.288461538461538,4.711538461538462
2011-09-01,hobart,335000.0,272500.0,1217.0,69.65,484100.0,393780.0,1758.67,91450.84,63284.0,5.293554438647037,4.305919989362591,5.293597117754882,4.305985715188673
2011-12-01,hobart,337500.0,275000.0,1233.0,69.73,487160.0,396940.0,1779.74,92546.48,64116.0,5.263949531089676,4.289088034466573,5.263896687254351,4.2891010044294715
2012-03-01,hobart,343000.0,268800.0,1241.0,69.91,493820.0,386990.0,1786.68,92907.36,64532.0,5.315187085285816,4.16533200383694,5.315192462654187,4.165375317671852
2012-06-01,hobart,327500.0,275000.0,1249.0,69.65,473260.0,397400.0,1804.91,93855.32,64948.0,5.042441920180976,4.234176602881967,5.04249553488945,4.234156556014042
2012-09-01,hobart,315000.0,275000.0,1261.0,70.13,452090.0,394680.0,1809.78,94108.56,65572.0,4.803920068482612,4.19387991910619,4.8038797047520285,4.193863234307326
2012-12-01,hobart,331300.0,294000.0,1273.0,70.43,473450.0,420150.0,1819.22,94599.44,66196.0,5.0047864976790555,4.441358215228335,5.00483412895039,4.441355973170585
2013-03-01,hobart,340000.0,276800.0,1294.0,70.63,484510.0,394450.0,1843.99,95887.48,67288.0,5.052901588403408,4.113675737437255,5.052906907620972,4.113660682439662
2013-06-01,hobart,330000.0,285000.0,1316.0,70.9,468470.0,404590.0,1868.2,97146.40000000001,68432.0,4.822309421656386,4.164745168117397,4.822305354220248,4.164718260462942
2013-09-01,hobart,325000.0,266000.0,1316.0,71.57,457050.0,374080.0,1850.71,96236.92,68432.0,4.749216828634998,3.887073692715852,4.749240121580547,3.8870703764320784
2013-12-01,hobart,350000.0,295000.0,1317.0,72.24,487650.0,411020.0,1834.94,95416.88,68484.0,5.110730931466214,4.307623556754319,5.110682787220373,4.307575492085743
2014-03-01,hobart,360000.0,275000.0,1306.0,72.57,499300.0,381410.0,1811.34,94189.68,67912.0,5.301005375535834,4.049382055443866,5.300977735893509,4.0493579926964305
2014-06-01,hobart,340000.0,282000.0,1295.0,72.85,469750.0,389610.0,1789.18,93037.36,67340.0,5.049046963499394,4.187672565085681,5.049005049005049,4.187704187704187
2014-09-01,hobart,345000.0,267500.0,1304.0,72.91,476260.0,369280.0,1800.13,93606.76000000001,67808.0,5.087880405218597,3.945014227604929,5.087895233600755,3.9449622463426146
2014-12-01,hobart,356500.0,279500.0,1313.0,73.04,491260.0,385150.0,1809.33,94085.16,68276.0,5.221439810486585,4.093631769345984,5.221454098072529,4.093678598629094
2015-03-01,hobart,360000.0,285000.0,1326.0,73.24,494730.0,391660.0,1822.25,94757.0,68952.0,5.221039078907099,4.13330941249723,5.221023320570832,4.133310128785242
2015-06-01,hobart,350000.0,286000.0,1338.0,73.27,480790.0,392870.0,1837.99,95575.48,69576.0,5.030474343419463,4.110573130263118,5.030470277107049,4.110612855007473
2015-09-01,hobart,340000.0,296000.0,1351.0,73.7,464330.0,404240.0,1845.02,95941.04,70252.0,4.839743242307985,4.213421076110912,4.839719865626601,4.213403177133747
2015-12-01,hobart,370000.0,292000.0,1364.0,74.32,501080.0,395450.0,1847.24,96056.48,70928.0,5.21651428409619,4.116848753983073,5.216557635912475,4.1168508910444395
2016-03-01,hobart,360000.0,295800.0,1374.0,74.21,488260.0,401190.0,1863.54,96904.08,71448.0,5.0385907383878985,4.140073359140296,5.0386294927779645,4.140073899899227
2016-06-01,hobart,365000.0,307500.0,1385.0,74.17,495310.0,417280.0,1879.47,97732.44,72020.0,5.0680204034607135,4.269616106995794,5.06803665648431,4.269647320188836
2016-09-01,hobart,370000.0,290000.0,1388.0,74.72,498400.0,390640.0,1869.68,97223.36,72176.0,5.12634000717523,4.01796440690797,5.126357792063844,4.0179561072932835
2016-12-01,hobart,392000.0,305000.0,1392.0,75.34,523690.00000000006,407460.0,1859.63,96700.76000000001,72384.0,5.415572742137704,4.213617349026006,5.415561450044208,4.213638373121132
2017-03-01,hobart,389500.0,315000.0,1397.0,75.91,516440.00000000006,417660.0,1852.3,96319.59999999999,72644.0,5.361733229789161,4.336189103775348,5.361764220031937,4.336214966136226
2017-06-01,hobart,400000.0,300000.0,1401.0,75.96,530020.0,397510.0,1856.38,96531.76000000001,72852.0,5.490628162171704,4.117919325204471,5.490583649041893,4.11793773678142
2017-09-01,hobart,395000.0,320000.0,1401.0,76.17,521950.00000000006,422840.0,1851.26,96265.52,72852.0,5.421982865723885,4.392434591326157,5.421951353428869,4.392466919233515
2017-12-01,hobart,421000.0,330000.0,1400.0,76.91,550950.0,431860.0,1832.14,95271.28,72800.0,5.782959985422679,4.5329505387142905,5.782967032967033,4.532967032967033
2018-03-01,hobart,449000.0,338500.0,1413.0,77.5,583120.0,439610.0,1835.08,95424.16,73476.0,6.110821410426877,4.606904582654958,6.110838913386684,4.606946485927377
2018-06-01,hobart,457800.0,356000.0,1426.0,77.76,592560.0,460790.0,1845.77,95980.04,74152.0,6.173783632513594,4.800894019214828,6.173805156974862,4.800949401229906
2018-09-01,hobart,440300.0,358000.0,1436.0,78.26,566270.0,460420.0,1846.84,96035.68,74672.0,5.89645431781188,4.794259800107627,5.896453824726805,4.794300407113778
2018-12-01,hobart,465000.0,375000.0,1446.0,79.23,590710.0,476380.0,1836.93,95520.36,75192.0,6.1841266092380724,4.987209009681287,6.184168528566869,4.98723268432812
2019-03-01,hobart,471500.0,390000.0,1456.0,79.08,600110.0,496380.0,1853.14,96363.28,75712.0,6.227579634068081,5.151132257017403,6.227546491969569,5.1510989010989015
2019-06-01,hobart,490000.0,382500.0,1466.0,79.58,619730.0,483770.0,1854.15,96415.8,76232.0,6.427680940260829,5.017538619188971,6.427746877951517,5.017577920033582
2019-09-01,hobart,480000.0,385000.0,1480.0,80.02,603750.0,484260.0,1861.56,96801.12,76960.0,6.237014613054064,5.002628068766147,6.237006237006237,5.002598752598753
2019-12-01,hobart,517000.0,400000.0,1496.0,81.35,639660.0,494900.0,1850.92,96247.84,77792.0,6.645967327682367,5.141933574821004,6.645927601809955,5.1419169066227886
2020-03-01,hobart,529000.0,425000.0,1516.0,81.74,651380.0,523320.00000000006,1866.72,97069.44,78832.0,6.710453877141972,5.391192119785589,6.710472904404303,5.391211690683986
2020-06-01,hobart,520000.0,394500.0,1536.0,80.6,649350.0,492640.0,1918.09,99740.68,79872.0,6.510382724481125,4.939208355106462,6.510416666666667,4.939152644230769
2020-09-01,hobart,528500.0,420000.0,1535.0,81.41,653400.0,519260.0,1897.77,98684.04,79820.0,6.621131441315131,5.261843759132683,6.621147582059634,5.261839138060637
2020-12-01,hobart,567700.0,441000.0,1535.0,81.99,696900.0,541370.0,1884.35,97986.2,79820.0,7.112226007335727,5.524961678277145,7.112252568278627,5.5249310949636685
2021-03-01,hobart,610000.0,471100.0,1552.0,82.61,743210.0,573980.0,1890.92,98327.84,80704.0,7.558490047172805,5.837410849256935,7.558485329103886,5.837381046788264
2021-06-01,hobart,630000.0,502500.0,1568.0,83.54,759030.0,605420.0,1889.15,98235.8,81536.0,7.726612904867675,6.162926346606838,7.726648351648351,6.162921899529042
2021-09-01,hobart,700000.0,540000.0,1579.0,83.84,840350.0,648270.0,1895.59,98570.68,82108.0,8.525354598345066,6.576702118723337,8.525356847079456,6.576703853461295
2021-12-01,hobart,754000.0,570000.0,1591.0,85.7,885530.0,669430.0,1868.54,97164.08,82732.0,9.11375891172952,6.889685982721186,9.113764927718416,6.8897161920417735
2022-03-01,hobart,765000.0,586300.0,1604.0,87.43,880670.0,674950.0,1846.54,96020.08,83408.0,9.171727413682637,7.029258880017596,9.171782083253404,7.029301745635911
2022-06-01,hobart,765000.0,575000.0,1618.0,88.95,865620.0,650630.0,1830.82,95202.64,84136.0,9.092394916779618,6.834159220794717,9.092421793287059,6.834173243320339
2022-09-01,hobart,720000.0,565000.0,1623.0,91.0,796350.0,624910.0,1795.11,93345.72,84396.0,8.531189217888082,6.694575819866192,8.531210009953078,6.694630077254846
2022-12-01,hobart,731500.0,565000.0,1628.0,92.33,797420.0,615910.0,1774.7,92284.40000000001,84656.0,8.640897053023044,6.674042416703148,8.640852390852391,6.674069174069174
2023-03-01,hobart,705000.0,560000.0,1647.0,93.43,759480.0,603280.0,1774.28,92262.56,85644.0,8.231724764628252,6.538730336552552,8.231750035028723,6.538695063285227
2023-06-01,hobart,696500.0,557000.0,1666.0,93.84,747050.0,597420.0,1786.9,92918.8,86632.0,8.039815408722454,6.429484668334072,8.039754363283775,6.4294948748730265
2023-09-01,hobart,695000.0,550000.0,1690.0,94.69,738740.0,584620.0,1796.37,93411.23999999999,87880.0,7.908470115587804,6.258561603507244,7.908511606736459,6.258534365043241
2023-12-01,hobart,715000.0,540000.0,1713.0,95.37,754580.0,569900.0,1807.84,94007.68,89076.0,8.026791002607448,6.062270657035681,8.026853473438413,6.062238986932507
2024-03-01,hobart,705000.0,551000.0,1734.0,96.28,737000.0,576010.0,1812.7,94260.40000000001,90168.0,7.818765886841133,6.1108376370140585,7.818738355070535,6.11081536687073
2024-06-01,hobart,695500.0,555000.0,1755.0,96.46,725710.0,579110.0,1831.23,95223.96,91260.0,7.6210861216021675,6.08155762478267,7.621082621082621,6.081525312294543
2024-09-01,hobart,700000.0,525000.0,1784.0,95.39,738600.0,553950.0,1882.37,97883.23999999999,92768.0,7.54572488609899,5.659293664574243,7.5457054156605725,5.65927906174543
2024-12-01,hobart,715000.0,539500.0,1812.0,96.89,742750.0,560440.0,1882.32,97880.64,94224.0,7.588323901437506,5.725749239073222,7.588300220750551,5.725717439293598
2025-03-01,hobart,710500.0,550000.0,1826.0,97.62,732550.0,567070.0,1882.68,97899.36,94952.0,7.482684258610067,5.79237698795988,7.482728115258236,5.792400370713624
2025-06-01,hobart,707500.0,555300.0,1840.0,98.1,725890.0,569730.0,1887.83,98167.16,95680.0,7.394428034792898,5.803672022293402,7.394439799331104,5.803720735785953
2025-09-01,hobart,715000.0,582500.0,1856.0,99.55,722900.0,588940.0,1876.51,97578.52,96512.0,7.408392748731996,6.035549627110557,7.408405172413793,6.035518899204244
2025-12-01,hobart,749500.0,586000.0,1872.0,100.65,749500.0,586000.0,1872.0,97344.0,97344.0,7.699498685075608,6.019888231426693,7.699498685075608,6.019888231426693
2010-06-01,darwin,530000.0,430000.0,1280.0,69.85,761270.0,617640.0,1838.55,95604.59999999999,66560.0,7.962692171715588,6.460358601991955,7.962740384615385,6.460336538461538
2010-09-01,darwin,535000.0,400000.0,1303.0,70.59,760400.0,568520.0,1851.96,96301.92,67756.0,7.896000412037476,5.90351677308199,7.895979691835409,5.903536218194699
2010-12-01,darwin,545000.0,420500.0,1326.0,70.54,775160.0,598080.0,1885.99,98071.48,68952.0,7.904030815074883,6.098409037979238,7.904049193641954,6.098445295277874
2011-03-01,darwin,510000.0,415000.0,1341.0,71.33,717350.0,583720.0,1886.2,98082.40000000001,69732.0,7.313748440087109,5.951322561438137,7.313715367406642,5.9513566224975625
2011-06-01,darwin,500000.0,415000.0,1356.0,72.02,696540.0,578130.0,1889.02,98229.04,70512.0,7.09097839091169,5.885530388976621,7.09099160426594,5.885523031540731
2011-09-01,darwin,497000.0,398000.0,1397.0,72.56,687210.0,550320.0,1931.66,100446.32,72644.0,6.84156472830463,5.478747255250366,6.841583613237156,5.478773195308628
2011-12-01,darwin,515000.0,399500.0,1438.0,72.28,714860.0,554540.0,1996.05,103794.59999999999,74776.0,6.887256177103627,5.342667152241061,6.887236546485504,5.342623301594094
2012-03-01,darwin,525000.0,420000.0,1454.0,72.52,726330.0,581060.0,2011.58,104602.16,75608.0,6.94373806430001,5.554952211311889,6.943709660353401,5.554967728282722
2012-06-01,darwin,543500.0,435000.0,1470.0,73.16,745340.0,596550.0,2015.93,104828.36,76440.0,7.110098832033621,5.690731019735499,7.110151753008896,5.6907378335949765
2012-09-01,darwin,540000.0,410000.0,1472.0,74.1,731150.0,555130.0,1993.06,103639.12,76544.0,7.054768508262131,5.356375083076738,7.054765886287625,5.356396321070235
2012-12-01,darwin,561000.0,410500.0,1473.0,74.06,759990.0,556110.0,1995.49,103765.48,76596.0,7.324112026465834,5.359296752638739,7.324142252859157,5.359287691263251
2013-03-01,darwin,530000.0,445000.0,1486.0,75.31,706080.0,592840.0,1979.69,102943.88,77272.0,6.858882723285736,5.758865898584744,6.858888083652552,5.758877730613936
2013-06-01,darwin,540000.0,450000.0,1499.0,75.94,713430.0,594530.0,1980.44,102982.88,77948.0,6.927656325012467,5.773095489269672,6.927695386668035,5.773079488890029
2013-09-01,darwin,570000.0,459800.0,1504.0,76.6,746580.0,602240.0,1969.93,102436.36,78208.0,7.28823242059753,5.879162438024935,7.288256955810147,5.879193944353519
2013-12-01,darwin,579000.0,481000.0,1508.0,77.38,750720.0,623660.0,1955.26,101673.52,78416.0,7.383633418022706,6.133947167364718,7.383697204652112,6.13395225464191
2014-03-01,darwin,595000.0,496100.0,1492.0,77.99,765440.0,638210.0,1919.38,99807.76000000001,77584.0,7.669143160812345,6.394392580296361,7.66910703237781,6.394359661785935
2014-06-01,darwin,557500.0,465000.0,1476.0,78.5,712530.0,594310.0,1886.46,98095.92,76752.0,7.263604847174072,6.058457884894703,7.2636543673129035,6.058474046278924
2014-09-01,darwin,570000.0,485000.0,1497.0,78.68,726840.0,618460.0,1908.92,99263.84,77844.0,7.322303872185481,6.230466199977757,7.322336981655619,6.230409537022764
2014-12-01,darwin,581000.0,465000.0,1518.0,78.82,739560.0,591900.0,1932.26,100477.52,78936.0,7.360452367853028,5.89086991796772,7.360393229958447,5.89084828215263
2015-03-01,darwin,570000.0,485000.0,1546.0,78.64,727210.0,618770.0,1972.41,102565.32,80392.0,7.090213339167663,6.0329358890509965,7.090257737088267,6.032938600855807
2015-06-01,darwin,595000.0,450000.0,1574.0,78.63,759210.0,574190.0,2008.39,104436.28,81848.0,7.269600181086496,5.497993609117445,7.269572866777441,5.497996285798065
2015-09-01,darwin,580000.0,475000.0,1595.0,78.92,737350.0,603860.0,2027.7,105440.40000000001,82940.0,6.993050102237851,5.727026832219908,6.993006993006993,5.727031589100554
2015-12-01,darwin,575000.0,460000.0,1617.0,79.17,728680.0,582950.0,2049.18,106557.35999999999,84084.0,6.838382632602761,5.470762413783525,6.838399695542552,5.470719756434042
2016-03-01,darwin,570000.0,469600.0,1624.0,78.43,729160.0,600730.0,2077.47,108028.43999999999,84448.0,6.749704059412504,5.560850457527667,6.749715801439939,5.560818491852975
2016-06-01,darwin,548000.0,437500.0,1632.0,78.68,698790.0,557880.0,2081.07,108215.64000000001,84864.0,6.457384533326236,5.155262215332275,6.457390648567119,5.155307315233785
2016-09-01,darwin,520000.0,342500.0,1666.0,78.94,660900.0,435310.0,2117.43,110106.35999999999,86632.0,6.002378064264408,3.953540921705159,6.002400960384153,3.953504478714563
2016-12-01,darwin,522000.0,381100.0,1699.0,78.86,664120.0,484860.0,2161.56,112401.12,88348.0,5.908482050712662,4.313658084545777,5.908452936116268,4.313623398379137
2017-03-01,darwin,530000.0,375000.0,1691.0,78.8,674810.0,477460.0,2153.02,111957.04,87932.0,6.027401224612584,4.264671520433195,6.027384797343402,4.264659054724105
2017-06-01,darwin,500000.0,375000.0,1682.0,79.01,634920.0,476190.0,2135.87,111065.23999999999,87464.0,5.716640057681413,4.28748004326106,5.716637702368975,4.287478276776731
2017-09-01,darwin,500000.0,375000.0,1696.0,79.49,631090.0,473310.0,2140.64,111313.28,88192.0,5.669494241837093,4.252053303972357,5.669448476052249,4.252086357039187
2017-12-01,darwin,513799.99999999994,340000.0,1710.0,79.68,646960.0,428110.0,2153.17,111964.84,88920.0,5.778242526850393,3.8236110550419222,5.778227620332883,3.8236617183985606
2018-03-01,darwin,500000.0,328000.0,1720.0,79.7,629420.0,412900.0,2165.21,112590.92,89440.0,5.590326466823435,3.6672584254573994,5.590339892665474,3.667262969588551
2018-06-01,darwin,506000.0,338000.0,1729.0,79.96,634900.0,424110.0,2169.47,112812.43999999999,89908.0,5.627925430918789,3.7594258221876955,5.627975263602794,3.7593984962406015
2018-09-01,darwin,500000.0,335000.0,1717.0,80.46,623480.0,417730.0,2141.02,111333.04,89284.0,5.600134515324472,3.7520757539720466,5.600107522064423,3.752072039783164
2018-12-01,darwin,510000.0,340000.0,1706.0,80.62,634680.0,423120.0,2123.08,110400.16,88712.0,5.748904711732302,3.8326031411548676,5.748940391378844,3.832626927585896
2019-03-01,darwin,485000.0,292500.0,1731.0,79.99,608330.0,366880.0,2171.16,112900.31999999999,90012.0,5.388204391271876,3.2495922066474217,5.388170466160068,3.249566724436742
2019-06-01,darwin,470000.0,306500.0,1756.0,80.6,585050.0,381530.0,2185.85,113664.2,91312.0,5.147179146996152,3.356641757035197,5.1471876642719465,3.3566234448922376
2019-09-01,darwin,489000.0,285000.0,1752.0,80.84,606890.0,353710.0,2174.4,113068.8,91104.0,5.367440001132054,3.1282723439180393,5.367492096944152,3.1282929399367756
2019-12-01,darwin,470000.0,320000.0,1749.0,80.99,582230.0,396410.0,2166.65,112665.8,90948.0,5.167761645503782,3.518459017732089,5.167788186656111,3.51849408453182
2020-03-01,darwin,470000.0,299000.0,1760.0,81.19,580800.0,369490.0,2174.91,113095.31999999999,91520.0,5.135491017665453,3.267067107639821,5.135489510489511,3.2670454545454546
2020-06-01,darwin,465000.0,272000.0,1772.0,79.14,589510.0,344830.0,2246.46,116815.92,92144.0,5.046486814468439,2.9519092945550574,5.046449036291023,2.9519013717659317
2020-09-01,darwin,500000.0,285000.0,1774.0,80.47,623400.0,355340.0,2211.82,115014.64000000001,92248.0,5.4201795527943215,3.0895197341834044,5.4201717110398056,3.089497875292689
2020-12-01,darwin,522500.0,292500.0,1777.0,80.96,647510.0,362480.0,2202.15,114511.8,92404.0,5.654526433083752,3.165437972331236,5.654517120470976,3.165447383230163
2021-03-01,darwin,535000.0,340000.0,1771.0,83.07,646160.0,410640.0,2138.97,111226.43999999999,92092.0,5.809410064729215,3.6919279264894214,5.809407983321027,3.6919602136993444
2021-06-01,darwin,565000.0,375000.0,1766.0,83.97,675080.0,448060.0,2110.07,109723.64000000001,91832.0,6.152548347830968,4.083532044689731,6.152539419810088,4.0835438627058105
2021-09-01,darwin,580000.0,360000.0,1767.0,85.17,683240.0,424080.0,2081.52,108239.04,91884.0,6.312325016925501,3.9179948380916905,6.3123068216446825,3.9179835444691133
2021-12-01,darwin,600000.0,382000.0,1768.0,85.85,701200.0,446430.0,2066.2,107442.4,91936.0,6.526287573620843,4.155063550330223,6.52627915071354,4.155064392620954
2022-03-01,darwin,600000.0,402000.0,1780.0,87.64,686880.0,460210.0,2037.74,105962.48,92560.0,6.4822944876337365,4.343141081635689,6.48228176318064,4.343128781331028
2022-06-01,darwin,585000.0,400000.0,1793.0,89.45,656150.0,448650.0,2011.09,104576.68,93236.0,6.274343381335113,4.290153407050215,6.2744004461795875,4.290188339268094
2022-09-01,darwin,560000.0,360000.0,1813.0,91.16,616330.0,396210.0,1995.37,103759.23999999999,94276.0,5.94000110255241,3.8185514851496603,5.94000594000594,3.8185752471466756
2022-12-01,darwin,590000.0,382500.0,1832.0,91.97,643630.0,417270.0,1998.53,103923.56,95264.0,6.1933020770266145,4.0151626830335685,6.1933154182062475,4.01515787705744
2023-03-01,darwin,575000.0,370000.0,1846.0,93.15,619320.0,398520.0,1988.29,103391.08,95992.0,5.990071870803555,3.8544911224449923,5.990082506875573,3.854487873989499
2023-06-01,darwin,590000.0,387500.0,1859.0,94.18,628530.0,412800.0,1980.39,102980.28,96668.0,6.103401544451034,4.008534449508197,6.103364091529772,4.008565399097943
2023-09-01,darwin,585000.0,376000.0,1884.0,95.05,617500.0,396890.0,1988.66,103410.32,97968.0,5.971357597578268,3.838011525348727,5.971337579617835,3.8379879144210354
2023-12-01,darwin,589500.0,375000.0,1909.0,95.52,619180.0,393880.0,2005.13,104266.76000000001,99268.0,5.938421794251591,3.7776181018763793,5.938469597453358,3.777652415682798
2024-03-01,darwin,570000.0,390000.0,1916.0,96.14,594840.0,407000.0,1999.5,103974.0,99632.0,5.721045646026892,3.914440148498663,5.721053476794604,3.914405010438413
2024-06-01,darwin,582500.0,356000.0,1923.0,97.05,602190.0,368030.0,1987.99,103375.48,99996.0,5.825269203103096,3.560128572075312,5.825233009320373,3.5601424056962276
2024-09-01,darwin,558800.0,350000.0,1948.0,97.19,576850.0,361310.0,2010.94,104568.88,101296.0,5.516459581473953,3.4552344827638968,5.516506081187806,3.4552203443373877
2024-12-01,darwin,560000.0,341000.0,1974.0,97.12,578510.0,352270.0,2039.24,106040.48,102648.0,5.455558103848643,3.322033246171651,5.455537370430988,3.322032577351726
2025-03-01,darwin,600000.0,360000.0,1993.0,97.78,615650.0,369390.0,2044.98,106338.96,103636.0,5.789505558451953,3.473703335071172,5.789493998224555,3.473696398934733
2025-06-01,darwin,624000.0,389000.0,2012.0,98.57,635140.0,395950.0,2047.92,106491.84,104624.0,5.964212844852714,3.7181252572967094,5.964214711729622,3.718076158434011
2025-09-01,darwin,670000.0,405000.0,2016.0,99.66,674500.0,407720.0,2029.55,105536.59999999999,104832.0,6.39114771557924,3.8633042944343483,6.391178266178266,3.8633241758241756
2025-12-01,darwin,711000.0,433200.0,2020.0,100.33,711000.0,433200.0,2020.0,105040.0,105040.0,6.768849961919269,4.1241431835491245,6.768849961919269,4.1241431835491245
2010-06-01,canberra,516200.00000000006,413500.0,1514.0,67.67,765950.0,613560.0,2246.5,116818.0,78728.0,6.556780633121608,5.252272766183293,6.55675236256478,5.252260949090539
2010-09-01,canberra,530000.0,425000.0,1528.0,68.12,781230.0,626460.0,2252.3,117119.6,79456.0,6.670360896041311,5.348891218890775,6.670358437374144,5.348872331856625
2010-12-01,canberra,534500.0,424900.0,1542.0,68.42,784410.0,623560.0,2262.97,117674.43999999999,80184.0,6.6659335706207745,5.299026704524789,6.665918387708271,5.299062157038811
2011-03-01,canberra,530000.0,415000.0,1550.0,69.45,766270.0,600000.0,2240.97,116530.43999999999,80600.0,6.575706742375641,5.148869256822509,6.575682382133995,5.148883374689826
2011-06-01,canberra,533000.0,415000.0,1559.0,70.19,762480.0,593680.0,2230.22,115971.43999999999,81068.0,6.574722190222007,5.11919141471383,6.574727389352149,5.1191592243548625
2011-09-01,canberra,490000.0,425000.0,1589.0,70.64,696500.0,604110.0,2258.66,117450.31999999999,82628.0,5.930166899502701,5.143536433106355,5.930193154862758,5.1435348792176985
2011-12-01,canberra,500000.0,415000.0,1619.0,70.83,708810.0,588310.0,2295.13,119346.76000000001,84188.0,5.939080373861845,4.929417438730637,5.939088706228916,4.92944362617
2012-03-01,canberra,512500.0,415000.0,1637.0,70.57,729210.0,590480.0,2329.19,121117.88,85124.0,6.020663505669022,4.875250458478963,6.020628729852921,4.875240825149194
2012-06-01,canberra,482500.0,416800.0,1656.0,71.01,682270.0,589370.0,2341.63,121764.76000000001,86112.0,5.603181084576522,4.840234563760483,5.603167967298402,4.840208101077666
2012-09-01,canberra,490000.0,411000.0,1677.0,71.75,685730.0,575170.0,2346.87,122037.23999999999,87204.0,5.61902252132218,4.713069551556558,5.6190083023714505,4.713086555662584
2012-12-01,canberra,519000.0,415500.0,1698.0,72.01,723690.0,579370.0,2367.67,123118.84,88296.0,5.877979357180428,4.705778579460301,5.877955966295189,4.705762435444414
2013-03-01,canberra,505000.0,410000.0,1726.0,72.14,702900.0,570670.0,2402.38,124923.76000000001,89752.0,5.626631795264568,4.568146203732581,5.626615562884393,4.568143328282378
2013-06-01,canberra,510000.0,412500.0,1753.0,72.51,706240.0,571220.0,2427.51,126230.52000000002,91156.0,5.59484346574822,4.525213078421921,5.594804510948265,4.525209530914037
2013-09-01,canberra,505000.0,415000.0,1739.0,72.98,694810.0,570980.0,2392.61,124415.72,90428.0,5.584583684441162,4.589291449665685,5.584553456893882,4.589286504180121
2013-12-01,canberra,503300.0,420500.0,1725.0,73.69,685800.0,572970.0,2350.49,122225.47999999998,89700.0,5.6109413519996005,4.687811412153997,5.610925306577481,4.687848383500557
2014-03-01,canberra,553700.0,410000.0,1720.0,74.0,751310.0,556330.0,2333.85,121360.2,89440.0,6.190744576887646,4.584122306983674,6.190742397137746,4.584078711985689
2014-06-01,canberra,550000.0,410000.0,1714.0,74.17,744580.0,555050.0,2320.38,120659.76000000001,89128.0,6.170905693828663,4.600125178435627,6.170900278251503,4.600125661969303
2014-09-01,canberra,554000.0,410000.0,1736.0,74.42,747480.0,553190.0,2342.27,121798.04,90272.0,6.137044569846937,4.541862906825102,6.137008153137185,4.541829138603332
2014-12-01,canberra,570000.0,422000.0,1758.0,74.5,768240.0,568770.0,2369.41,123209.31999999999,91416.0,6.235242593660934,4.616290391019121,6.235232344447361,4.616259735713661
2015-03-01,canberra,585000.0,420000.0,1762.0,74.42,789300.0,566680.0,2377.35,123622.2,91624.0,6.384775550022569,4.58396631025819,6.384790011350738,4.583951803021042
2015-06-01,canberra,580000.0,425000.0,1766.0,74.76,779000.0,570820.0,2371.91,123339.31999999999,91832.0,6.315909638548356,4.6280456224341116,6.315881174318321,4.628016377733252
2015-09-01,canberra,587500.0,415000.0,1769.0,74.84,788230.0,556790.0,2373.4,123416.8,91988.0,6.386731790161469,4.511460352237297,6.3867026133843545,4.511458016262991
2015-12-01,canberra,615000.0,419900.0,1772.0,75.03,823030.0,561940.0,2371.41,123313.31999999999,92144.0,6.6742992565604435,4.5570097374719944,6.6743358221913525,4.556997742663657
2016-03-01,canberra,590000.0,425000.0,1776.0,75.13,788530.0,568010.0,2373.59,123426.68000000001,92352.0,6.388651140904057,4.602003391811236,6.388600138600139,4.6019577269577265
2016-06-01,canberra,623000.0,435000.0,1781.0,75.26,831190.0,580370.0,2376.17,123560.84,92612.0,6.726969483211671,4.697038317318011,6.726990022891202,4.697015505550037
2016-09-01,canberra,615800.0,428500.0,1790.0,75.93,814340.0,566650.0,2367.1,123089.2,93080.0,6.615852568706272,4.603572043688642,6.615814353244521,4.603566824237215
2016-12-01,canberra,636000.0,430000.0,1800.0,76.34,836530.0,565580.0,2367.54,123112.08,93600.0,6.7948652967279894,4.59402521669685,6.794871794871795,4.594017094017094
2017-03-01,canberra,654500.0,429900.0,1815.0,76.86,855040.0,561620.0,2371.12,123298.23999999999,94380.0,6.934729968570517,4.554971749799511,6.934731934731935,4.554990464081373
2017-06-01,canberra,670000.0,445000.0,1830.0,76.85,875400.0,581420.0,2391.03,124333.56000000001,95160.0,7.040737834579819,4.67629174295339,7.0407734342160575,4.676334594367381
2017-09-01,canberra,667500.0,434500.0,1841.0,77.53,864490.0,562730.0,2384.3,123983.6,95732.0,6.972615733048564,4.538745446978471,6.97259014749509,4.53871223833201
2017-12-01,canberra,690000.0,445500.0,1852.0,78.06,887560.0,573050.0,2382.26,123877.52000000002,96304.0,7.164818927598808,4.625940202871352,7.164811430470178,4.625976075760093
2018-03-01,canberra,698500.0,436000.0,1855.0,78.66,891640.0,556560.0,2367.92,123131.84,96460.0,7.241343912346311,4.520033161203471,7.241343562098279,4.520008293593199
2018-06-01,canberra,690000.0,431500.0,1858.0,79.01,876890.0,548370.0,2361.24,122784.47999999998,96616.0,7.141700644902354,4.466118193439432,7.141674256851867,4.466133973668957
2018-09-01,canberra,700000.0,445000.0,1858.0,79.45,884670.0,562400.0,2348.17,122104.84,96616.0,7.245167349631678,4.605878030715244,7.2451767823134885,4.605862383042147
2018-12-01,canberra,720000.0,447900.0,1858.0,80.03,903350.0,561960.0,2331.15,121219.8,96616.0,7.452165405321573,4.6358763172353035,7.452181833236731,4.635878115426016
2019-03-01,canberra,690000.0,450000.0,1859.0,80.07,865280.0,564310.0,2331.24,121224.47999999998,96668.0,7.137832226626174,4.655082867750805,7.137832581619564,4.655108205404064
2019-06-01,canberra,715000.0,450000.0,1860.0,80.31,893950.0,562630.0,2325.52,120927.04,96720.0,7.392474007467643,4.652640137391935,7.39247311827957,4.652605459057072
2019-09-01,canberra,676000.0,456900.0,1869.0,80.87,839340.0,567300.0,2320.59,120670.68000000001,97188.0,6.9556250118089995,4.701224854289376,6.955591225254147,4.7011976787257685
2019-12-01,canberra,745000.0,473300.0,1877.0,81.39,919100.0,583910.0,2315.64,120413.28,97604.0,7.632879031282928,4.849215966876743,7.632883898200894,4.849186508749641
2020-03-01,canberra,720500.0,460000.0,1892.0,81.75,884960.0,565000.0,2323.86,120840.72,98384.0,7.323359212027204,4.6755762461527866,7.323345259391771,4.6755570011383965
2020-06-01,canberra,720000.0,460000.0,1907.0,79.8,905950.0,578800.0,2399.52,124775.04,99164.0,7.260666876965137,4.638748262473007,7.260699447380097,4.63878020249284
2020-09-01,canberra,755000.0,488000.0,1922.0,81.67,928240.0,599980.0,2363.02,122877.04,99944.0,7.554218428438706,4.882767358328294,7.5542303690066435,4.882734331225486
2020-12-01,canberra,785000.0,498000.0,1937.0,82.29,957850.0,607660.0,2363.52,122903.04,100724.0,7.793541966089692,4.944222697827491,7.793574520471784,4.944203963305667
2021-03-01,canberra,835000.0,505000.0,1945.0,82.99,1010270.0,611000.0,2353.26,122369.52000000002,101140.0,8.255895749202905,4.993073438549076,8.255882934546174,4.993078900533914
2021-06-01,canberra,905000.0,542000.0,1952.0,83.63,1086580.0,650750.0,2343.66,121870.31999999999,101504.0,8.91587057455827,5.339692223668568,8.915904791929382,5.33969104665826
2021-09-01,canberra,940000.0,530000.0,1988.0,84.74,1113820.0,628010.0,2355.62,122492.23999999999,103376.0,9.09298417597719,5.126937020663513,9.093019656399939,5.126915338182944
2021-12-01,canberra,1040000.0,590000.0,2024.0,85.58,1220220.0,692240.0,2374.74,123486.47999999998,105248.0,9.881405640520324,5.605795873362008,9.881422924901186,5.605807236242019
2022-03-01,canberra,1080000.0,575000.0,2026.0,87.48,1239630.0,659990.0,2325.45,120923.4,105352.0,10.251365740625884,5.457917987750924,10.251347862404131,5.457893537854051
2022-06-01,canberra,1059000.0,600000.0,2028.0,88.9,1196110.0,677680.0,2290.57,119109.64000000001,105456.0,10.042092310916226,5.689547882102573,10.042102867546655,5.689576695493855
2022-09-01,canberra,1000000.0,596000.0,2044.0,90.56,1108770.0,660830.0,2266.32,117848.64000000001,106288.0,9.408424229588054,5.6074469760533505,9.408399819358724,5.607406292337799
2022-12-01,canberra,1000000.0,600000.0,2061.0,91.6,1096180.0,657710.0,2259.22,117479.43999999999,107172.0,9.330824185065916,5.598511535295027,9.33079535699623,5.598477214197739
2023-03-01,canberra,984000.0,610000.0,2062.0,92.91,1063430.0,659240.0,2228.45,115879.4,107224.0,9.177040958099543,5.689018065333442,9.177049914198314,5.689024845183914
2023-06-01,canberra,983000.0,600000.0,2064.0,93.91,1051040.0,641530.0,2206.86,114756.72,107328.0,9.158853616589948,5.590347998792576,9.158840190816935,5.590339892665474
2023-09-01,canberra,985000.0,619000.0,2094.0,94.64,1045050.0,656740.0,2221.67,115526.84,108888.0,9.045949841612565,5.684739580862767,9.045992212181323,5.684740283594151
2023-12-01,canberra,1000000.0,625000.0,2125.0,95.06,1056280.0,660180.0,2244.6,116719.2,110500.0,9.049753596666188,5.6561388357699505,9.049773755656108,5.656108597285068
2024-03-01,canberra,985000.0,597000.0,2147.0,95.94,1030890.0000000001,624820.0,2247.03,116845.56000000001,111644.0,8.822671567494734,5.347400448934473,8.82268639604457,5.347354089785389
2024-06-01,canberra,990000.0,630000.0,2168.0,96.82,1026710.0,653360.0,2248.39,116916.28,112736.0,8.781582855698112,5.5882722235089926,8.781578200397389,5.58827703661652
2024-09-01,canberra,1000000.0,595000.0,2195.0,97.1,1034089.9999999999,615280.0,2269.82,118030.64000000001,114140.0,8.761199634264457,5.2128837054513975,8.761170492377781,5.21289644296478
2024-12-01,canberra,1000000.0,610000.0,2222.0,97.13,1033770.0,630600.0,2297.04,119446.08,115544.0,8.65470009564148,5.279369569934819,8.654711625008655,5.27937409125528
2025-03-01,canberra,975000.0,600000.0,2252.0,98.08,998160.0,614250.0,2305.5,119886.0,117104.0,8.325909614133426,5.123617436564737,8.325932504440498,5.123650771963383
2025-06-01,canberra,1000000.0,600000.0,2282.0,98.36,1020840.0,612510.0,2329.56,121137.12,118664.0,8.42714437985648,5.0563361585614714,8.42715566641947,5.056293399851682
2025-09-01,canberra,1027000.0,612000.0,2292.0,99.86,1032660.0000000001,615370.0,2304.62,119840.23999999999,119184.0,8.616972062138728,5.13491962299141,8.616928446771379,5.13491743858236
2025-12-01,canberra,1042500.0,620000.0,2301.0,100.41,1042500.0,620000.0,2301.0,119652.0,119652.0,8.712767024370676,5.181693578042991,8.712767024370676,5.181693578042991
